tx, ty, tz 
-0.0009114780114032328, -0.0007318523712456226, -0.0026128569152206182
-0.000911477894987911, -0.0007318523130379617, -0.0026128566823899746
-0.0009114777785725892, -0.0007318522548303008, -0.0026128566823899746
-0.0009114776621572673, -0.0007318521966226399, -0.0026128566823899746
-0.0009114776039496064, -0.000731852138414979, -0.0026128566823899746
-0.0009114775457419455, -0.0007318520802073181, -0.002612856449559331
-0.0009114774875342846, -0.0007318520219996572, -0.0026128562167286873
-0.0009114774293266237, -0.0007318519637919962, -0.0026128559838980436
-0.0009114773711189628, -0.0007318519637919962, -0.0026128557510674
-0.0009114773129113019, -0.0007318518473766744, -0.0026128557510674
-0.0009114773129113019, -0.0007318518473766744, -0.0026128557510674
-0.0009114773129113019, -0.0007318518473766744, -0.0026128557510674
-0.0009114773129113019, -0.0007318518473766744, -0.0026128557510674
-0.0009114773129113019, -0.0007318518473766744, -0.0026128557510674
-0.0009114773129113019, -0.0007318518473766744, -0.0026128557510674
-0.0009114773129113019, -0.0007318518473766744, -0.0026128557510674
-0.0009114773129113019, -0.0007318518473766744, -0.0026128557510674
-0.0009114773129113019, -0.0007318518473766744, -0.0026128557510674
-0.0009114773129113019, -0.0007318518473766744, -0.0026128557510674
-0.0009114773129113019, -0.0007318518473766744, -0.0026128557510674
-0.0009114773129113019, -0.0007318518473766744, -0.0026128557510674
-0.0009114773129113019, -0.0007318518473766744, -0.0026128557510674
-0.0009114773129113019, -0.0007318518473766744, -0.0026128557510674
-0.0009114773129113019, -0.0007318518473766744, -0.0026128557510674
-0.0009114773129113019, -0.0007318518473766744, -0.0026128557510674
-0.0009114773129113019, -0.0007318518473766744, -0.0026128557510674
-0.0009114773129113019, -0.0007318518473766744, -0.0026128557510674
-0.0009114773129113019, -0.0007318518473766744, -0.0026128557510674
-0.0009114773129113019, -0.0007318518473766744, -0.0026128557510674
-0.0009114773129113019, -0.0007318518473766744, -0.0026128557510674
-0.0009114773129113019, -0.0007318518473766744, -0.0026128557510674
-0.0009114773129113019, -0.0007318518473766744, -0.0026128557510674
-0.0009114773129113019, -0.0007318518473766744, -0.0026128557510674
-0.0009114773129113019, -0.0007318518473766744, -0.0026128557510674
-0.0009114773129113019, -0.0007318518473766744, -0.0026128557510674
-0.0009114773129113019, -0.0007318518473766744, -0.0026128557510674
-0.0009114773129113019, -0.0007318518473766744, -0.0026128557510674
-0.0009114773129113019, -0.0007318518473766744, -0.0026128557510674
-0.0009114773129113019, -0.0007318518473766744, -0.0026128557510674
-0.0009114773129113019, -0.0007318518473766744, -0.0026128557510674
-0.0009114773129113019, -0.0007318518473766744, -0.0026128557510674
-0.0009114773129113019, -0.0007318518473766744, -0.0026128557510674
-0.0009114773129113019, -0.0007318518473766744, -0.0026128557510674
-0.0009114773129113019, -0.0007318518473766744, -0.0026128557510674
-0.0009114773129113019, -0.0007318518473766744, -0.0026128557510674
-0.0009114773129113019, -0.0007318518473766744, -0.0026128557510674
-0.0009114773129113019, -0.0007318518473766744, -0.0026128557510674
-0.0009114773129113019, -0.0007318518473766744, -0.0026128557510674
-0.0009114773129113019, -0.0007318518473766744, -0.0026128557510674
-0.0009114773129113019, -0.0007318518473766744, -0.0026128557510674
-0.0009114773129113019, -0.0007318518473766744, -0.0026128557510674
-0.0009114773129113019, -0.0007318518473766744, -0.0026128557510674
-0.0009114773129113019, -0.0007318518473766744, -0.0026128557510674
-0.0009114773129113019, -0.0007318518473766744, -0.0026128557510674
-0.0009114773129113019, -0.0007318518473766744, -0.0026128557510674
-0.0009114773129113019, -0.0007318518473766744, -0.0026128557510674
-0.0009114773129113019, -0.0007318518473766744, -0.0026128557510674
-0.0009114773129113019, -0.0007318518473766744, -0.0026128557510674
-0.0009114773129113019, -0.0007318518473766744, -0.0026128557510674
-0.0009114773129113019, -0.0007318518473766744, -0.0026128557510674
-0.0009114773129113019, -0.0007318518473766744, -0.0026128557510674
-0.0009114773129113019, -0.0007318518473766744, -0.0026128557510674
-0.0009114773129113019, -0.0007318518473766744, -0.0026128557510674
-0.0009114773129113019, -0.0007318518473766744, -0.0026128557510674
-0.0009114773129113019, -0.0007318518473766744, -0.0026128557510674
-0.0009114773129113019, -0.0007318518473766744, -0.0026128557510674
-0.0009114773129113019, -0.0007318518473766744, -0.0026128557510674
-0.0009114773129113019, -0.0007318518473766744, -0.0026128557510674
-0.0009114773129113019, -0.0007318518473766744, -0.0026128557510674
-0.0009114773129113019, -0.0007318518473766744, -0.0026128557510674
-0.0009114773129113019, -0.0007318518473766744, -0.0026128557510674
-0.0009114773129113019, -0.0007318518473766744, -0.0026128557510674
-0.0009114773129113019, -0.0007318518473766744, -0.0026128557510674
-0.0009114773129113019, -0.0007318518473766744, -0.0026128557510674
-0.0009114773129113019, -0.0007318518473766744, -0.0026128557510674
-0.0009114773129113019, -0.0007318518473766744, -0.0026128557510674
-0.0009114773129113019, -0.0007318518473766744, -0.0026128557510674
-0.0009114773129113019, -0.0007318518473766744, -0.0026128557510674
-0.0009114773129113019, -0.0007318518473766744, -0.0026128557510674
-0.0009114773129113019, -0.0007318518473766744, -0.0026128557510674
-0.0009114773129113019, -0.0007318518473766744, -0.0026128557510674
-0.0009114773129113019, -0.0007318518473766744, -0.0026128557510674
-0.0009114773129113019, -0.0007318518473766744, -0.0026128557510674
-0.0009114773129113019, -0.0007318518473766744, -0.0026128557510674
-0.0009114773129113019, -0.0007318518473766744, -0.0026128557510674
-0.0009114773129113019, -0.0007318518473766744, -0.0026128557510674
-0.0009114773129113019, -0.0007318518473766744, -0.0026128557510674
-0.0009114773129113019, -0.0007318518473766744, -0.0026128557510674
-0.0009114773129113019, -0.0007318518473766744, -0.0026128557510674
-0.0009114773129113019, -0.0007318518473766744, -0.0026128557510674
-0.0009114773129113019, -0.0007318518473766744, -0.0026128557510674
-0.0009114773129113019, -0.0007318518473766744, -0.0026128557510674
-0.0009114773129113019, -0.0007318518473766744, -0.0026128557510674
-0.0009114773129113019, -0.0007318518473766744, -0.0026128557510674
-0.0009114773129113019, -0.0007318518473766744, -0.0026128557510674
-0.0009114773129113019, -0.0007318518473766744, -0.0026128557510674
-0.0009114773129113019, -0.0007318518473766744, -0.0026128557510674
-0.0009114773129113019, -0.0007318518473766744, -0.0026128557510674
-0.0009114773129113019, -0.0007318518473766744, -0.0026128557510674
-0.0009114773129113019, -0.0007318518473766744, -0.0026128557510674
-0.0009114773129113019, -0.0007318518473766744, -0.0026128557510674
-0.0009114773129113019, -0.0007318518473766744, -0.0026128557510674
-0.0009114773129113019, -0.0007318518473766744, -0.0026128557510674
-0.0009114773129113019, -0.0007318518473766744, -0.0026128557510674
-0.0006448766798712313, -0.0017126351594924927, -0.00042575274710543454
-0.0005356266628950834, -0.0020183466840535402, -0.00014513992937281728
-0.0006354948272928596, -0.0023373267613351345, 0.0001158174782176502
-0.0005508761969394982, -0.0024818917736411095, 0.00028016293072141707
-0.0004662833525799215, -0.0025965808890759945, 0.000414935959270224
-0.00047688232734799385, -0.0028281877748668194, 0.0004954810137860477
-0.0005339700146578252, -0.0029270618688315153, 0.0005727293319068849
-0.00014757757890038192, -0.0030204474460333586, 0.001186828943900764
7.982250099303201e-05, -0.003296911483630538, 0.0013842186890542507
0.00015397608513012528, -0.0037733984645456076, 0.001504037994891405
0.00017423857934772968, -0.003936820663511753, 0.0016523291124030948
0.00021875447419006377, -0.004217982292175293, 0.0017723626224324107
0.00024985134950838983, -0.0043276711367070675, 0.001864659134298563
0.00026203226298093796, -0.00445951521396637, 0.002030294621363282
0.000267906318185851, -0.004572025965899229, 0.0022086675744503736
0.00026427986449562013, -0.004762187134474516, 0.0022963322699069977
0.00024239273625425994, -0.004835799802094698, 0.0025279365945607424
0.0002891426847781986, -0.004992772359400988, 0.0026067683938890696
0.0002655531279742718, -0.005102504976093769, 0.002682126360014081
0.00025272881612181664, -0.005207759328186512, 0.0027391710318624973
0.0002903658023569733, -0.00528371799737215, 0.00288093788549304
0.0002643509942572564, -0.005386362783610821, 0.002924037864431739
0.0010270124766975641, -0.005449286662042141, 0.003154619364067912
0.002083621919155121, -0.004995076917111874, 0.0034357248805463314
0.0021153029520064592, -0.0050895637832582, 0.0035300408490002155
0.000896226498298347, -0.005391636397689581, 0.0032964996062219143
0.0005220755701884627, -0.005524531472474337, 0.003337310394272208
0.0012301316019147635, -0.006828784942626953, 0.0031290114857256413
0.0019981209188699722, -0.006805755198001862, 0.0029484019614756107
0.0011120287235826254, -0.008932924829423428, 0.002885717898607254
0.0003840529534500092, -0.009754747152328491, 0.0028766198083758354
0.00021934347751084715, -0.00994957983493805, 0.002869454212486744
0.0008243853226304054, -0.009334240108728409, 0.002915189601480961
0.0008452651672996581, -0.010307704098522663, 0.002256456995382905
0.000993459252640605, -0.014164648950099945, -0.0012214607559144497
-0.00040211499435827136, -0.01477089524269104, -0.001717470702715218
-0.0013923076912760735, -0.015599527396261692, -0.0034558086190372705
-0.0015275983605533838, -0.015592040494084358, -0.0036872022319585085
-0.0015735840424895287, -0.017925070598721504, -0.005760618019849062
-0.0021331117022782564, -0.01807667873799801, -0.006315839942544699
-0.0014290299732238054, -0.015273972414433956, -0.006468641106039286
-0.003085825126618147, -0.015192367136478424, -0.007883581332862377
-0.003997629042714834, -0.014780492521822453, -0.008384360931813717
-0.006298506632447243, -0.014315536245703697, -0.00929748360067606
-0.007924876175820827, -0.013959331437945366, -0.01071713026612997
-0.007719201967120171, -0.006744103506207466, -0.010653574019670486
-0.007767615839838982, -0.0036313901655375957, -0.010835759341716766
-0.008357199840247631, -0.001213842537254095, -0.011247576214373112
-0.00953636784106493, 0.0014478832017630339, -0.01155262440443039
-0.010068445466458797, 0.004316708073019981, -0.011657444760203362
-0.013472696766257286, 0.005826180335134268, -0.013203469105064869
-0.016786277294158936, 0.006428724620491266, -0.01677568629384041
-0.018114760518074036, 0.012018414214253426, -0.017017260193824768
-0.018279043957591057, 0.014767133630812168, -0.017270181328058243
-0.02078285440802574, 0.018956966698169708, -0.023402798920869827
-0.0207571629434824, 0.023247012868523598, -0.02154158428311348
-0.021015137434005737, 0.02754651941359043, -0.021596435457468033
-0.021065598353743553, 0.03373387083411217, -0.02154117077589035
-0.021378809586167336, 0.038277242332696915, -0.021918613463640213
-0.021517319604754448, 0.04262438043951988, -0.02254113182425499
-0.022022021934390068, 0.046755172312259674, -0.023334044963121414
-0.022524990141391754, 0.05071891471743584, -0.024365723133087158
-0.023621277883648872, 0.05465668439865112, -0.025383256375789642
-0.025005586445331573, 0.05828409269452095, -0.026242591440677643
-0.026742536574602127, 0.06236068159341812, -0.027182742953300476
-0.02843029983341694, 0.06652359664440155, -0.027949858456850052
-0.02877233922481537, 0.07039891183376312, -0.028652887791395187
-0.030926529318094254, 0.07392774522304535, -0.029732272028923035
-0.03269249200820923, 0.0774877518415451, -0.030623450875282288
-0.03429181128740311, 0.08121206611394882, -0.03144000470638275
-0.03543383628129959, 0.0843498706817627, -0.03233577311038971
-0.036322757601737976, 0.08775084465742111, -0.033128201961517334
-0.037621673196554184, 0.09190289676189423, -0.03396362438797951
-0.039083391427993774, 0.0953533723950386, -0.03498252481222153
-0.03936602920293808, 0.09920546412467957, -0.03540893644094467
-0.03955022245645523, 0.10215264558792114, -0.03598500415682793
-0.041206713765859604, 0.10518162697553635, -0.03696248680353165
-0.04418822005391121, 0.10801302641630173, -0.038083214312791824
-0.04628565534949303, 0.1110093742609024, -0.039066266268491745
-0.0475706048309803, 0.11466377228498459, -0.039641980081796646
-0.04951754957437515, 0.11758051812648773, -0.0405559204518795
-0.05149336904287338, 0.12058136612176895, -0.04132354259490967
-0.05281982198357582, 0.123818539083004, -0.042108263820409775
-0.0542902946472168, 0.12685246765613556, -0.04311275854706764
-0.05599512904882431, 0.13025081157684326, -0.04380667209625244
-0.05715923383831978, 0.133751779794693, -0.044591743499040604
-0.05815039575099945, 0.13695034384727478, -0.04522078111767769
-0.05970921367406845, 0.14054414629936218, -0.046107303351163864
-0.061610400676727295, 0.14325857162475586, -0.0476997084915638
-0.06341630220413208, 0.14605654776096344, -0.04901938512921333
-0.06498301029205322, 0.14882516860961914, -0.050111234188079834
-0.06692250072956085, 0.15161281824111938, -0.05141924321651459
-0.06841442734003067, 0.15477679669857025, -0.05213391035795212
-0.07079675048589706, 0.15704302489757538, -0.053643759340047836
-0.07297848910093307, 0.1603720337152481, -0.05442671850323677
-0.07564685493707657, 0.16276246309280396, -0.05567558854818344
-0.07812077552080154, 0.16412019729614258, -0.05770789831876755
-0.08016790449619293, 0.1661534160375595, -0.05923345685005188
-0.08238331973552704, 0.1672704815864563, -0.061083726584911346
-0.08454802632331848, 0.16938672959804535, -0.06258683651685715
-0.08783460408449173, 0.17093756794929504, -0.06443756073713303
-0.0904189795255661, 0.17275914549827576, -0.06615995615720749
-0.09337528795003891, 0.17404836416244507, -0.06779031455516815
-0.0962153896689415, 0.17520055174827576, -0.06909456104040146
-0.09896856546401978, 0.1765778511762619, -0.06981470435857773
-0.10237374901771545, 0.17718786001205444, -0.07089584320783615
-0.10564891248941422, 0.1783413290977478, -0.07170380651950836
-0.10861994326114655, 0.17907404899597168, -0.07238645851612091
-0.11198270320892334, 0.17954272031784058, -0.07348034530878067
-0.11381615698337555, 0.18083326518535614, -0.07426304370164871
-0.11635371297597885, 0.18143251538276672, -0.07489164173603058
-0.11838614195585251, 0.18169671297073364, -0.0756668969988823
-0.12164458632469177, 0.1818525642156601, -0.07645327597856522
-0.12506486475467682, 0.18195204436779022, -0.07741568982601166
-0.12842324376106262, 0.1819770187139511, -0.07826138287782669
-0.1311241090297699, 0.1820410192012787, -0.07890260964632034
-0.13363182544708252, 0.18244966864585876, -0.07969428598880768
-0.13500548899173737, 0.18263761699199677, -0.07989166676998138
-0.1363648921251297, 0.18322940170764923, -0.08005630970001221
-0.13817106187343597, 0.1836659461259842, -0.08035171031951904
-0.13983400166034698, 0.18391741812229156, -0.08059476315975189
-0.14200395345687866, 0.1840749979019165, -0.08093723654747009
-0.14382052421569824, 0.18420317769050598, -0.08122539520263672
-0.1450263410806656, 0.18442103266716003, -0.08139842003583908
-0.1471865475177765, 0.18451133370399475, -0.08171218633651733
-0.1491864025592804, 0.18446753919124603, -0.0823611319065094
-0.15175026655197144, 0.18420495092868805, -0.08339934796094894
-0.1532541811466217, 0.1840750277042389, -0.08394264429807663
-0.15381896495819092, 0.18399401009082794, -0.08412980288267136
-0.15453457832336426, 0.18395669758319855, -0.08481011539697647
-0.15505899488925934, 0.18395139276981354, -0.08530600368976593
-0.1558833122253418, 0.18394793570041656, -0.08616746217012405
-0.15726879239082336, 0.1840835064649582, -0.08705966919660568
-0.15747033059597015, 0.184493288397789, -0.08750903606414795
-0.15826807916164398, 0.18512064218521118, -0.08793596923351288
-0.16012884676456451, 0.1853025108575821, -0.08874942362308502
-0.16041548550128937, 0.18567197024822235, -0.08959916979074478
-0.16109305620193481, 0.18581517040729523, -0.090369313955307
-0.1623043566942215, 0.18592551350593567, -0.09101182222366333
-0.16251026093959808, 0.1859550178050995, -0.09231386333703995
-0.1636747270822525, 0.1853363811969757, -0.09471648931503296
-0.1646135449409485, 0.18479806184768677, -0.09668243676424026
-0.16523005068302155, 0.18467451632022858, -0.09940030425786972
-0.16611818969249725, 0.18471382558345795, -0.1010722666978836
-0.16725850105285645, 0.1851210743188858, -0.10381621867418289
-0.16869421303272247, 0.185194730758667, -0.1051289513707161
-0.16988074779510498, 0.18510879576206207, -0.10630567371845245
-0.17016327381134033, 0.1850491166114807, -0.10814696550369263
-0.17104265093803406, 0.18499532341957092, -0.10942155867815018
-0.17163725197315216, 0.18478351831436157, -0.11038462817668915
-0.17200040817260742, 0.18472076952457428, -0.11182229965925217
-0.17221654951572418, 0.1846340447664261, -0.11246289312839508
-0.1723702847957611, 0.18459096550941467, -0.11316168308258057
-0.1725202202796936, 0.18456430733203888, -0.1137869656085968
-0.17277729511260986, 0.18456587195396423, -0.11445397883653641
-0.17309918999671936, 0.18453705310821533, -0.11528874188661575
-0.17333628237247467, 0.184575617313385, -0.11596030741930008
-0.1737484335899353, 0.18462032079696655, -0.11648768931627274
-0.17422239482402802, 0.18466010689735413, -0.11737938970327377
-0.1747756153345108, 0.18477782607078552, -0.11832474172115326
-0.17525185644626617, 0.18486957252025604, -0.11876501142978668
-0.17550167441368103, 0.18499311804771423, -0.11907577514648438
-0.17566637694835663, 0.18513162434101105, -0.11950089037418365
-0.17595209181308746, 0.18520599603652954, -0.11974681913852692
-0.17621728777885437, 0.18528033792972565, -0.1201620027422905
-0.1763886958360672, 0.18535543978214264, -0.12038852274417877
-0.17646943032741547, 0.18540693819522858, -0.12056612223386765
-0.1762179583311081, 0.18541941046714783, -0.12063637375831604
-0.17603245377540588, 0.18520164489746094, -0.1204557716846466
-0.17531099915504456, 0.18496757745742798, -0.12014267593622208
-0.1746997833251953, 0.18499954044818878, -0.11982214450836182
-0.17448796331882477, 0.18491768836975098, -0.11911548674106598
-0.17354509234428406, 0.1848406046628952, -0.11844167113304138
-0.17268826067447662, 0.1843765377998352, -0.11783009767532349
-0.1724535971879959, 0.18385781347751617, -0.11619659513235092
-0.1716778725385666, 0.1835891455411911, -0.11566811054944992
-0.17063090205192566, 0.18336082994937897, -0.11494220048189163
-0.17038016021251678, 0.1819804608821869, -0.11382459104061127
-0.16973993182182312, 0.1817716360092163, -0.1133628785610199
-0.16946589946746826, 0.1812044382095337, -0.11292543262243271
-0.16939227283000946, 0.1809270679950714, -0.111540287733078
-0.1686200052499771, 0.18072688579559326, -0.11012549698352814
-0.1678934544324875, 0.1806737184524536, -0.10907556861639023
-0.16805653274059296, 0.18057680130004883, -0.10785497725009918
-0.16717757284641266, 0.180678591132164, -0.10745518654584885
-0.16708160936832428, 0.18070350587368011, -0.10655531287193298
-0.16748109459877014, 0.1806393563747406, -0.10546243190765381
-0.16683518886566162, 0.18100038170814514, -0.1036771759390831
-0.1654462218284607, 0.18138183653354645, -0.10132041573524475
-0.1650742143392563, 0.18168748915195465, -0.09958823025226593
-0.16444121301174164, 0.18191449344158173, -0.09822268784046173
-0.16423018276691437, 0.18208876252174377, -0.09719523042440414
-0.16390997171401978, 0.18219342827796936, -0.09571003913879395
-0.16352048516273499, 0.18219171464443207, -0.09469185769557953
-0.16255587339401245, 0.1821107119321823, -0.09341201931238174
-0.16232448816299438, 0.18173834681510925, -0.09248178452253342
-0.16221241652965546, 0.18106219172477722, -0.0915650799870491
-0.16183267533779144, 0.1804737001657486, -0.09016821533441544
-0.1616184264421463, 0.1797868311405182, -0.08895890414714813
-0.16085807979106903, 0.1791698932647705, -0.08717213571071625
-0.16046003997325897, 0.17810499668121338, -0.08600780367851257
-0.15996937453746796, 0.1777811497449875, -0.0847809687256813
-0.15952149033546448, 0.1776081621646881, -0.0837448313832283
-0.15917374193668365, 0.17719894647598267, -0.08296146988868713
-0.15902338922023773, 0.1769939363002777, -0.08269650489091873
-0.15898840129375458, 0.17687742412090302, -0.0821831226348877
-0.15899041295051575, 0.17674438655376434, -0.08167292177677155
-0.15897727012634277, 0.17643089592456818, -0.08123799413442612
-0.1588667631149292, 0.1759243905544281, -0.08079551160335541
-0.1585942655801773, 0.17579637467861176, -0.08012692630290985
-0.15815332531929016, 0.17573058605194092, -0.0793875977396965
-0.15761877596378326, 0.17576801776885986, -0.07886038720607758
-0.15712511539459229, 0.17580759525299072, -0.07851770520210266
-0.1567331999540329, 0.17592792212963104, -0.07815233618021011
-0.15655508637428284, 0.17596973478794098, -0.07779962569475174
-0.15635350346565247, 0.175998717546463, -0.07721543312072754
-0.1557110995054245, 0.1760411262512207, -0.07668857276439667
-0.15476782619953156, 0.17626729607582092, -0.0755259171128273
-0.15453611314296722, 0.1763303428888321, -0.07528074830770493
-0.1543000489473343, 0.1763831377029419, -0.0750281885266304
-0.15419964492321014, 0.1762877255678177, -0.07483327388763428
-0.1541101038455963, 0.17613650858402252, -0.07472401112318039
-0.1540437787771225, 0.17569173872470856, -0.07433497160673141
-0.15372411906719208, 0.17529170215129852, -0.07411082088947296
-0.15348385274410248, 0.17508231103420258, -0.07398837804794312
-0.15318502485752106, 0.1746322065591812, -0.07388798892498016
-0.15304717421531677, 0.1745014190673828, -0.07381903380155563
-0.15283340215682983, 0.17425011098384857, -0.07389803230762482
-0.1524367332458496, 0.1737365871667862, -0.07393871247768402
-0.15216003358364105, 0.17330747842788696, -0.07419023662805557
-0.15200521051883698, 0.17256510257720947, -0.07457122951745987
-0.15195997059345245, 0.17175175249576569, -0.07516263425350189
-0.15194053947925568, 0.17124886810779572, -0.07562661170959473
-0.15236659348011017, 0.17084504663944244, -0.07648392021656036
-0.15242531895637512, 0.17002004384994507, -0.07677196711301804
-0.15261907875537872, 0.16978487372398376, -0.07696507126092911
-0.15265874564647675, 0.16963794827461243, -0.07704433798789978
-0.15263831615447998, 0.16955819725990295, -0.0769822746515274
-0.15257743000984192, 0.1695217490196228, -0.07710535824298859
-0.15258853137493134, 0.16952922940254211, -0.07712512463331223
-0.15262527763843536, 0.16959494352340698, -0.07750104367733002
-0.15258128941059113, 0.1697571873664856, -0.07776936888694763
-0.1524580866098404, 0.16999417543411255, -0.07809263467788696
-0.15279538929462433, 0.17030492424964905, -0.07925263047218323
-0.1525726318359375, 0.1705552041530609, -0.07980558276176453
-0.15183481574058533, 0.1708448827266693, -0.07996661961078644
-0.15166592597961426, 0.17107339203357697, -0.08142998069524765
-0.15155886113643646, 0.17101724445819855, -0.08320846408605576
-0.1510770320892334, 0.17117376625537872, -0.08440694957971573
-0.1510363072156906, 0.17083600163459778, -0.08772670477628708
-0.1509496569633484, 0.17080152034759521, -0.08972816169261932
-0.1509280800819397, 0.1708037257194519, -0.09215594083070755
-0.1508946269750595, 0.17172697186470032, -0.09526605904102325
-0.15082012116909027, 0.17221783101558685, -0.09807505458593369
-0.15071555972099304, 0.17261189222335815, -0.10099542140960693
-0.150676429271698, 0.17300252616405487, -0.1039942279458046
-0.15052011609077454, 0.17354828119277954, -0.10748643428087234
-0.15030235052108765, 0.17439080774784088, -0.11071339249610901
-0.15017537772655487, 0.17553582787513733, -0.11395616084337234
-0.14999249577522278, 0.17592480778694153, -0.1177779883146286
-0.1499031037092209, 0.17670315504074097, -0.12146289646625519
-0.14961843192577362, 0.1772221475839615, -0.1251949965953827
-0.14916212856769562, 0.17854930460453033, -0.12870727479457855
-0.14866548776626587, 0.1797408014535904, -0.1324964314699173
-0.14837412536144257, 0.18119634687900543, -0.14111076295375824
-0.14823098480701447, 0.18146730959415436, -0.1459912806749344
-0.14810046553611755, 0.18190336227416992, -0.1508462131023407
-0.1480216234922409, 0.18241293728351593, -0.15549175441265106
-0.1478380560874939, 0.18319019675254822, -0.16019552946090698
-0.14763762056827545, 0.1837746948003769, -0.16513125598430634
-0.14753831923007965, 0.18469297885894775, -0.17002980411052704
-0.14744669198989868, 0.1849161982536316, -0.1745280623435974
-0.14733804762363434, 0.18520891666412354, -0.17928995192050934
-0.14722901582717896, 0.1857619434595108, -0.18415893614292145
-0.14715872704982758, 0.18592138588428497, -0.19017228484153748
-0.14712034165859222, 0.1863722801208496, -0.19522365927696228
-0.14720642566680908, 0.18654336035251617, -0.20117345452308655
-0.14722007513046265, 0.187149778008461, -0.2060733288526535
-0.1473979353904724, 0.1872786432504654, -0.21185240149497986
-0.14738549292087555, 0.18806900084018707, -0.21563293039798737
-0.12567932903766632, 0.20007266104221344, -0.2506680488586426
-0.11911775171756744, 0.20467470586299896, -0.25219112634658813
-0.11855128407478333, 0.20506824553012848, -0.2569485902786255
-0.11233692616224289, 0.20355962216854095, -0.26234912872314453
-0.10631898790597916, 0.20848959684371948, -0.2737619876861572
-0.10382308065891266, 0.2088540494441986, -0.2830446660518646
-0.10355132818222046, 0.20630545914173126, -0.2923651337623596
-0.10421578586101532, 0.20594298839569092, -0.29531633853912354
-0.10412727296352386, 0.2058272808790207, -0.2983901798725128
-0.10266178846359253, 0.2028915286064148, -0.30427271127700806
-0.0998694971203804, 0.20342881977558136, -0.3032297194004059
-0.099649578332901, 0.2047114074230194, -0.3033193349838257
-0.09919965267181396, 0.20508317649364471, -0.3033912181854248
-0.09925609081983566, 0.2047448605298996, -0.30504393577575684
-0.09927922487258911, 0.20458509027957916, -0.303597629070282
-0.09945981204509735, 0.20296381413936615, -0.3025904595851898
-0.10167452692985535, 0.20265966653823853, -0.29953962564468384
-0.10628362745046616, 0.20137879252433777, -0.29938408732414246
-0.10737533122301102, 0.20242416858673096, -0.29289504885673523
-0.11017727106809616, 0.2024577558040619, -0.28949040174484253
-0.11360049992799759, 0.20111395418643951, -0.2876732051372528
-0.11347289383411407, 0.20110368728637695, -0.284775972366333
-0.11323586851358414, 0.20138920843601227, -0.2829991281032562
-0.11330711096525192, 0.20160335302352905, -0.28172269463539124
-0.1132446825504303, 0.20171627402305603, -0.2798512578010559
-0.11342058330774307, 0.20178236067295074, -0.2778606712818146
-0.11529428511857986, 0.20100145041942596, -0.2754560112953186
-0.11660417169332504, 0.20041771233081818, -0.2719847559928894
-0.11681855469942093, 0.20038513839244843, -0.26857179403305054
-0.11716265231370926, 0.20045116543769836, -0.2653881907463074
-0.11975230276584625, 0.19983308017253876, -0.26170042157173157
-0.11991643160581589, 0.19976787269115448, -0.2581270933151245
-0.11722029000520706, 0.20204274356365204, -0.2564689517021179
-0.11552715301513672, 0.2041044980287552, -0.2555188238620758
-0.11519782245159149, 0.20427581667900085, -0.2521573007106781
-0.11476240307092667, 0.20442262291908264, -0.24655558168888092
-0.10944220423698425, 0.20741534233093262, -0.23277707397937775
-0.1087368056178093, 0.2084750235080719, -0.227512925863266
-0.10824186354875565, 0.20917387306690216, -0.22315998375415802
-0.10778976231813431, 0.20942048728466034, -0.2170218974351883
-0.1073664128780365, 0.20983712375164032, -0.2129557579755783
-0.10636637359857559, 0.2106245756149292, -0.20800112187862396
-0.10614504665136337, 0.21074479818344116, -0.2005014270544052
-0.10605984181165695, 0.21062855422496796, -0.19685499370098114
-0.10603892058134079, 0.21060645580291748, -0.19136662781238556
-0.10593622177839279, 0.21052351593971252, -0.18543307483196259
-0.10581932216882706, 0.2105170339345932, -0.17967458069324493
-0.10582433640956879, 0.21046918630599976, -0.17387604713439941
-0.10575566440820694, 0.21034011244773865, -0.1677875518798828
-0.10593844950199127, 0.2097172737121582, -0.16269510984420776
-0.10628204047679901, 0.2092408984899521, -0.15754787623882294
-0.1063552126288414, 0.2089908868074417, -0.15236830711364746
-0.10650331526994705, 0.20875701308250427, -0.14715911448001862
-0.1069757416844368, 0.20836254954338074, -0.1423424631357193
-0.10775984078645706, 0.20767436921596527, -0.13763146102428436
-0.10879049450159073, 0.20682018995285034, -0.13325254619121552
-0.11004424840211868, 0.20619526505470276, -0.12883038818836212
-0.11036227643489838, 0.20595869421958923, -0.12391766905784607
-0.11224747449159622, 0.20542864501476288, -0.120623379945755
-0.11264987289905548, 0.20450203120708466, -0.1174156591296196
-0.11344820261001587, 0.20430603623390198, -0.11362296342849731
-0.11488765478134155, 0.20417186617851257, -0.11075347661972046
-0.11567632853984833, 0.20408889651298523, -0.1082286536693573
-0.11691592633724213, 0.20396897196769714, -0.10608062893152237
-0.11795581132173538, 0.20388849079608917, -0.10368373990058899
-0.11871539801359177, 0.20383228361606598, -0.10196204483509064
-0.11957482248544693, 0.2037888616323471, -0.10046416521072388
-0.12012476474046707, 0.2037452757358551, -0.09912474453449249
-0.1212327852845192, 0.2036585956811905, -0.09840455651283264
-0.12323203682899475, 0.2036140263080597, -0.09814557433128357
-0.12342050671577454, 0.20359055697917938, -0.09746431559324265
-0.12495557963848114, 0.20373809337615967, -0.09724120795726776
-0.12624453008174896, 0.2041265368461609, -0.0971563532948494
-0.12680569291114807, 0.20449824631214142, -0.0963788628578186
-0.12826959788799286, 0.20461635291576385, -0.0962420254945755
-0.1307239979505539, 0.20452675223350525, -0.09702647477388382
-0.1316174566745758, 0.20473894476890564, -0.09725191444158554
-0.13287560641765594, 0.20550717413425446, -0.0973590761423111
-0.13444671034812927, 0.20653027296066284, -0.09772780537605286
-0.13531394302845, 0.20770999789237976, -0.09782599657773972
-0.1364147961139679, 0.209270179271698, -0.09790940582752228
-0.138772115111351, 0.21083350479602814, -0.09846936166286469
-0.14115400612354279, 0.21251654624938965, -0.0989777222275734
-0.1427619904279709, 0.21583853662014008, -0.09911075234413147
-0.14450150728225708, 0.21735768020153046, -0.09952561557292938
-0.1459214985370636, 0.21789677441120148, -0.10026013106107712
-0.14674454927444458, 0.21873539686203003, -0.10068420320749283
-0.14700105786323547, 0.2212025672197342, -0.1008605808019638
-0.14760668575763702, 0.2230842411518097, -0.100858673453331
-0.14824990928173065, 0.2239411473274231, -0.10082040727138519
-0.1484471708536148, 0.2252437323331833, -0.100309357047081
-0.1484186351299286, 0.22940722107887268, -0.09964842349290848
-0.14880459010601044, 0.23109829425811768, -0.09950429946184158
-0.14904169738292694, 0.23128476738929749, -0.09914957731962204
-0.14974205195903778, 0.23150815069675446, -0.09893908351659775
-0.15071789920330048, 0.2309556007385254, -0.09881618618965149
-0.1487085372209549, 0.23229846358299255, -0.09860998392105103
-0.14806398749351501, 0.23242859542369843, -0.09852848201990128
-0.14960652589797974, 0.23182500898838043, -0.0979141816496849
-0.15243306756019592, 0.2311464548110962, -0.09723654389381409
-0.15289358794689178, 0.23104822635650635, -0.0971023291349411
-0.15385213494300842, 0.2306680530309677, -0.09696530550718307
-0.1565731018781662, 0.22986675798892975, -0.09537511318922043
-0.1567917764186859, 0.2296992987394333, -0.09468404948711395
-0.1574798822402954, 0.22962075471878052, -0.09351839125156403
-0.15757134556770325, 0.2297256588935852, -0.09248092770576477
-0.159960076212883, 0.22958236932754517, -0.09222740679979324
-0.16113881766796112, 0.2295342981815338, -0.09130238741636276
-0.16298164427280426, 0.2290203720331192, -0.09045723080635071
-0.16324999928474426, 0.22898970544338226, -0.08987661451101303
-0.1654675155878067, 0.2288455069065094, -0.08965902775526047
-0.1656648963689804, 0.22885949909687042, -0.0870281308889389
-0.16626960039138794, 0.22881698608398438, -0.08658728003501892
-0.16784563660621643, 0.22866128385066986, -0.08627917617559433
-0.16804179549217224, 0.22861364483833313, -0.08541090041399002
-0.1680719256401062, 0.2288404107093811, -0.0852108970284462
-0.16815589368343353, 0.22904182970523834, -0.08507675677537918
-0.1682165265083313, 0.22910265624523163, -0.08496196568012238
-0.168256938457489, 0.22971796989440918, -0.08490489423274994
-0.16829194128513336, 0.22995491325855255, -0.08489737659692764
-0.16823825240135193, 0.2300981730222702, -0.08483140915632248
-0.16847127676010132, 0.2302035689353943, -0.08471865206956863
-0.16872230172157288, 0.23075628280639648, -0.08474227786064148
-0.16877920925617218, 0.231052964925766, -0.08490155637264252
-0.16868573427200317, 0.23120272159576416, -0.08532486110925674
-0.16862733662128448, 0.23193947970867157, -0.08595145493745804
-0.16925880312919617, 0.2333647757768631, -0.08672934770584106
-0.16976283490657806, 0.2344876229763031, -0.08689577877521515
-0.17145338654518127, 0.2346726506948471, -0.0870257169008255
-0.17308741807937622, 0.23523978888988495, -0.08675272762775421
-0.17531071603298187, 0.2375466674566269, -0.08649260550737381
-0.17788292467594147, 0.2386191189289093, -0.08588886260986328
-0.17886558175086975, 0.2395929992198944, -0.08577238023281097
-0.17914240062236786, 0.24041828513145447, -0.08524473011493683
-0.18204383552074432, 0.24087214469909668, -0.08290854841470718
-0.18236218392848969, 0.24109740555286407, -0.08297808468341827
-0.18358007073402405, 0.24125370383262634, -0.08279582858085632
-0.18422000110149384, 0.24121922254562378, -0.08267474174499512
-0.18484443426132202, 0.24104034900665283, -0.08314155787229538
-0.18594643473625183, 0.24071352183818817, -0.08319467306137085
-0.18630839884281158, 0.24055355787277222, -0.08282233029603958
-0.18665315210819244, 0.24000096321105957, -0.08306460082530975
-0.18687009811401367, 0.23975151777267456, -0.08327629417181015
-0.18670162558555603, 0.2396857589483261, -0.08333747833967209
-0.18663223087787628, 0.23944701254367828, -0.08532097190618515
-0.1869545876979828, 0.2392868846654892, -0.08657469600439072
-0.1872268170118332, 0.23926857113838196, -0.0869997888803482
-0.18741945922374725, 0.23932960629463196, -0.09041762351989746
-0.18776550889015198, 0.23943030834197998, -0.09334725141525269
-0.18788370490074158, 0.2398342490196228, -0.09491964429616928
-0.18816588819026947, 0.24038541316986084, -0.09821499139070511
-0.18827787041664124, 0.2415214329957962, -0.10132162272930145
-0.1888941377401352, 0.24202023446559906, -0.1031046137213707
-0.1897762268781662, 0.2429720014333725, -0.10530616343021393
-0.19118723273277283, 0.2439822405576706, -0.10746513307094574
-0.1923254430294037, 0.2448863387107849, -0.1094682514667511
-0.1941794753074646, 0.24619688093662262, -0.1114468052983284
-0.19566969573497772, 0.2480556219816208, -0.11389682441949844
-0.19743481278419495, 0.24976122379302979, -0.11591556668281555
-0.1991080790758133, 0.2517302930355072, -0.11835447698831558
-0.20172010362148285, 0.2529503107070923, -0.11993193626403809
-0.204038605093956, 0.2546428442001343, -0.12279312312602997
-0.20744676887989044, 0.2564072012901306, -0.12390092760324478
-0.2107260674238205, 0.25777751207351685, -0.1266549974679947
-0.21510882675647736, 0.2587861120700836, -0.1285373568534851
-0.2200346142053604, 0.261075496673584, -0.13059818744659424
-0.224286288022995, 0.262714147567749, -0.13266094028949738
-0.22804906964302063, 0.26411867141723633, -0.134670227766037
-0.2318231463432312, 0.2664339244365692, -0.13699883222579956
-0.2360968291759491, 0.267848938703537, -0.13813886046409607
-0.2405194640159607, 0.26904240250587463, -0.13886496424674988
-0.24484020471572876, 0.27066853642463684, -0.139681875705719
-0.24984045326709747, 0.2718871533870697, -0.1399620622396469
-0.25403809547424316, 0.2723813056945801, -0.14012230932712555
-0.2577288746833801, 0.27315568923950195, -0.14023056626319885
-0.2615596055984497, 0.27342715859413147, -0.1402551233768463
-0.2649514675140381, 0.27373650670051575, -0.14020147919654846
-0.26978516578674316, 0.2749498784542084, -0.13888154923915863
-0.2730124592781067, 0.2751559317111969, -0.13848243653774261
-0.2780984044075012, 0.2753744125366211, -0.1370842009782791
-0.2830142676830292, 0.27557751536369324, -0.1352660059928894
-0.2869882583618164, 0.2756984233856201, -0.13418495655059814
-0.29134494066238403, 0.27575141191482544, -0.13268309831619263
-0.2958018183708191, 0.2757766544818878, -0.13069935142993927
-0.29963570833206177, 0.27570343017578125, -0.12923696637153625
-0.3023526072502136, 0.2756654918193817, -0.12849847972393036
-0.30617421865463257, 0.2757817208766937, -0.1266261488199234
-0.3094167709350586, 0.2757413387298584, -0.12527397274971008
-0.31240206956863403, 0.27572348713874817, -0.12366802990436554
-0.3145996928215027, 0.275725394487381, -0.1225830689072609
-0.3170959949493408, 0.27577874064445496, -0.12129346281290054
-0.3184172511100769, 0.275578111410141, -0.12070679664611816
-0.32108306884765625, 0.27559584379196167, -0.11936167627573013
-0.3225627541542053, 0.27559977769851685, -0.11855144053697586
-0.323347270488739, 0.27562424540519714, -0.11806035786867142
-0.3242826461791992, 0.27565082907676697, -0.11761704087257385
-0.3247581124305725, 0.27576568722724915, -0.11733080446720123
-0.3254844546318054, 0.2765135169029236, -0.11668086051940918
-0.3256262540817261, 0.27659332752227783, -0.11643388867378235
-0.3252232074737549, 0.276908814907074, -0.11634748429059982
-0.32461124658584595, 0.27705880999565125, -0.11632569134235382
-0.3230201005935669, 0.2770381271839142, -0.11648628115653992
-0.321807861328125, 0.2773365080356598, -0.11670152842998505
-0.3195262551307678, 0.27723655104637146, -0.11729670315980911
-0.31758254766464233, 0.27718785405158997, -0.11755538731813431
-0.3157363533973694, 0.27695050835609436, -0.11790698766708374
-0.314153254032135, 0.2769193649291992, -0.1180458515882492
-0.3099961280822754, 0.27663663029670715, -0.11892704665660858
-0.3064655661582947, 0.2765810787677765, -0.11913958936929703
-0.3012598156929016, 0.27600932121276855, -0.11986435204744339
-0.29683756828308105, 0.27553972601890564, -0.12019900232553482
-0.2931998372077942, 0.2752991318702698, -0.12039266526699066
-0.2881200909614563, 0.2745620310306549, -0.12096810340881348
-0.2825521230697632, 0.2736521065235138, -0.12114983052015305
-0.27913451194763184, 0.2734069228172302, -0.12124647200107574
-0.274314820766449, 0.2727067470550537, -0.12128038704395294
-0.26971668004989624, 0.27197974920272827, -0.12121022492647171
-0.2647304832935333, 0.27012690901756287, -0.121200792491436
-0.260078489780426, 0.26958054304122925, -0.12086178362369537
-0.25366735458374023, 0.26757413148880005, -0.12070409208536148
-0.248455211520195, 0.26699331402778625, -0.12038551270961761
-0.24252398312091827, 0.2653712332248688, -0.12027640640735626
-0.23707552254199982, 0.2639843821525574, -0.11983577162027359
-0.23153333365917206, 0.26228049397468567, -0.11966799199581146
-0.22179530560970306, 0.2609250843524933, -0.11907273530960083
-0.21732975542545319, 0.25945308804512024, -0.1186600849032402
-0.21291597187519073, 0.258384644985199, -0.11830571293830872
-0.2087641954421997, 0.2571895718574524, -0.11806166172027588
-0.2040390968322754, 0.2565878629684448, -0.11783009022474289
-0.19964687526226044, 0.25539377331733704, -0.11770343780517578
-0.19491800665855408, 0.2547086775302887, -0.11730041354894638
-0.19014140963554382, 0.2541441023349762, -0.11708032339811325
-0.1862732321023941, 0.25321468710899353, -0.11694806814193726
-0.18186382949352264, 0.25253164768218994, -0.11644726991653442
-0.1780618131160736, 0.25189295411109924, -0.11601623892784119
-0.1749563366174698, 0.25100821256637573, -0.11586110293865204
-0.17149661481380463, 0.2500057518482208, -0.11488015949726105
-0.1686868518590927, 0.24920955300331116, -0.1143246442079544
-0.16622450947761536, 0.2484535425901413, -0.11390702426433563
-0.16446638107299805, 0.24742820858955383, -0.113437220454216
-0.16294115781784058, 0.24698835611343384, -0.11308634281158447
-0.16172130405902863, 0.24670502543449402, -0.11286895722150803
-0.1607569456100464, 0.2462671995162964, -0.11269364506006241
-0.16020001471042633, 0.24589678645133972, -0.11252515017986298
-0.15998563170433044, 0.24568676948547363, -0.11241862922906876
-0.15973897278308868, 0.24554309248924255, -0.11242091655731201
-0.159688338637352, 0.24549600481987, -0.11264962702989578
-0.16034409403800964, 0.245835542678833, -0.11272355914115906
-0.1617298722267151, 0.24648523330688477, -0.11321675032377243
-0.1632409542798996, 0.24695955216884613, -0.11363249272108078
-0.16527065634727478, 0.2478065937757492, -0.11395084112882614
-0.16741089522838593, 0.2483421117067337, -0.11509513854980469
-0.17120438814163208, 0.25011706352233887, -0.11527369171380997
-0.17562240362167358, 0.2511703670024872, -0.11547625064849854
-0.1801515370607376, 0.2528626024723053, -0.11590692400932312
-0.18529878556728363, 0.25440123677253723, -0.11610803753137589
-0.19063766300678253, 0.25597041845321655, -0.11625531315803528
-0.19612714648246765, 0.25782570242881775, -0.1165754422545433
-0.20211024582386017, 0.25893673300743103, -0.11670587956905365
-0.20815937221050262, 0.2601850926876068, -0.11681192368268967
-0.2141733318567276, 0.26136401295661926, -0.1168808713555336
-0.22043369710445404, 0.26190704107284546, -0.11684048175811768
-0.22618338465690613, 0.2625901699066162, -0.11673294752836227
-0.23190560936927795, 0.26340922713279724, -0.11651483178138733
-0.2364378720521927, 0.2639700770378113, -0.11631735414266586
-0.24343137443065643, 0.26456689834594727, -0.11563924700021744
-0.24971240758895874, 0.2650720179080963, -0.11469212919473648
-0.2563232183456421, 0.2653201222419739, -0.11398138105869293
-0.26309365034103394, 0.26546964049339294, -0.1132551059126854
-0.2692487835884094, 0.2655777335166931, -0.11250349879264832
-0.275729775428772, 0.2655537724494934, -0.11156940460205078
-0.28184616565704346, 0.2654934525489807, -0.11059095710515976
-0.2868630886077881, 0.26541566848754883, -0.11010590940713882
-0.29189586639404297, 0.2650056779384613, -0.1096370592713356
-0.2971888780593872, 0.26492586731910706, -0.1087937131524086
-0.30205774307250977, 0.26473286747932434, -0.10752004384994507
-0.30602210760116577, 0.264310747385025, -0.10732661187648773
-0.30938422679901123, 0.26384392380714417, -0.10704436153173447
-0.3135225176811218, 0.2636537551879883, -0.10614202916622162
-0.31729936599731445, 0.26342418789863586, -0.10557550191879272
-0.3197922706604004, 0.2628702223300934, -0.10538297146558762
-0.3253260850906372, 0.2627776861190796, -0.10300415009260178
-0.3275796175003052, 0.2624504864215851, -0.10282773524522781
-0.32954901456832886, 0.26219260692596436, -0.10239215940237045
-0.33110010623931885, 0.26206690073013306, -0.10200653225183487
-0.33215516805648804, 0.26186782121658325, -0.10138386487960815
-0.33348971605300903, 0.2617616057395935, -0.10036837309598923
-0.333393931388855, 0.2610477805137634, -0.10016624629497528
-0.33320826292037964, 0.26029902696609497, -0.10004965960979462
-0.33094578981399536, 0.2583124041557312, -0.10045377910137177
-0.32848525047302246, 0.2573308050632477, -0.10069778561592102
-0.3250306248664856, 0.2566834092140198, -0.10124171525239944
-0.3230726718902588, 0.2564633786678314, -0.1014648899435997
-0.314780056476593, 0.2657306492328644, -0.10258472710847855
-0.3164939284324646, 0.25853925943374634, -0.1016523614525795
-0.3035220801830292, 0.2738158702850342, -0.10359466820955276
-0.29790157079696655, 0.27431821823120117, -0.10461493581533432
-0.28808504343032837, 0.29619473218917847, -0.10531267523765564
-0.28081566095352173, 0.2964438498020172, -0.10678806900978088
-0.2759132981300354, 0.2964725196361542, -0.10746878385543823
-0.27066802978515625, 0.2964807450771332, -0.10791470110416412
-0.2668743431568146, 0.296769380569458, -0.1081661805510521
-0.2613453269004822, 0.2968286871910095, -0.10839840769767761
-0.2575024366378784, 0.297101765871048, -0.10851221531629562
-0.2514423131942749, 0.2970696985721588, -0.10873730480670929
-0.24461062252521515, 0.2964736223220825, -0.10928008705377579
-0.23903769254684448, 0.2962018549442291, -0.1094466969370842
-0.23335905373096466, 0.2961103916168213, -0.10971204191446304
-0.22809268534183502, 0.2960297167301178, -0.10991697758436203
-0.2231733500957489, 0.295868456363678, -0.11005299538373947
-0.2181456983089447, 0.29577702283859253, -0.11017636209726334
-0.21299582719802856, 0.29556572437286377, -0.11029888689517975
-0.20732566714286804, 0.2954685389995575, -0.11037459969520569
-0.20136798918247223, 0.2953777015209198, -0.11044241487979889
-0.19627518951892853, 0.2952994406223297, -0.1104423925280571
-0.19190193712711334, 0.29427996277809143, -0.11033075302839279
-0.18699388206005096, 0.29339900612831116, -0.11023162305355072
-0.18271343410015106, 0.29157018661499023, -0.10996947437524796
-0.17846521735191345, 0.2901585102081299, -0.10979973524808884
-0.1740655153989792, 0.2887687087059021, -0.10970525443553925
-0.1700430065393448, 0.28703945875167847, -0.10957658290863037
-0.16627107560634613, 0.2852383852005005, -0.10936710238456726
-0.16216371953487396, 0.2835017442703247, -0.10926733165979385
-0.15873384475708008, 0.2817756235599518, -0.10875269770622253
-0.1548411250114441, 0.28011664748191833, -0.1080612987279892
-0.15226861834526062, 0.2790878117084503, -0.10788974165916443
-0.14919380843639374, 0.27765870094299316, -0.10730334371328354
-0.14730527997016907, 0.27663692831993103, -0.10690702497959137
-0.1451779454946518, 0.27556028962135315, -0.10611507296562195
-0.14384950697422028, 0.2746243178844452, -0.10558032989501953
-0.14303834736347198, 0.2740781307220459, -0.10467969626188278
-0.14136546850204468, 0.27309682965278625, -0.10389405488967896
-0.1397450566291809, 0.27208825945854187, -0.10372750461101532
-0.13949088752269745, 0.27186909317970276, -0.10271608829498291
-0.1395987719297409, 0.271697074174881, -0.10244633257389069
-0.1397375762462616, 0.27155548334121704, -0.10233256965875626
-0.14017289876937866, 0.27142810821533203, -0.10220764577388763
-0.1402737945318222, 0.27114662528038025, -0.10230929404497147
-0.14094583690166473, 0.2711242437362671, -0.10237888246774673
-0.14409935474395752, 0.2711634635925293, -0.10187152028083801
-0.14441314339637756, 0.2711838185787201, -0.10221344977617264
-0.14634007215499878, 0.2714836299419403, -0.10209198296070099
-0.14830724895000458, 0.27159297466278076, -0.10208380967378616
-0.15411800146102905, 0.2726769745349884, -0.1003519669175148
-0.1605173647403717, 0.2741187810897827, -0.09991549700498581
-0.16173025965690613, 0.274331659078598, -0.10057736188173294
-0.1650984287261963, 0.2749449610710144, -0.10132152587175369
-0.17005924880504608, 0.2757142186164856, -0.1014312133193016
-0.1775134950876236, 0.277724951505661, -0.10000569373369217
-0.1807619333267212, 0.27847179770469666, -0.10059642791748047
-0.18475887179374695, 0.27912673354148865, -0.10076295584440231
-0.19049301743507385, 0.2800334095954895, -0.1008555069565773
-0.1956963986158371, 0.28099918365478516, -0.10097940266132355
-0.19961896538734436, 0.2811965048313141, -0.10132386535406113
-0.20472773909568787, 0.2817961573600769, -0.10168681293725967
-0.21230629086494446, 0.28272542357444763, -0.10169759392738342
-0.2161296010017395, 0.2829577624797821, -0.1018742173910141
-0.22223609685897827, 0.283419132232666, -0.10194643586874008
-0.22816602885723114, 0.2836402952671051, -0.10191714018583298
-0.23384647071361542, 0.28381985425949097, -0.1018659770488739
-0.23929834365844727, 0.28412166237831116, -0.1017986610531807
-0.24512606859207153, 0.28430402278900146, -0.10166862607002258
-0.25021541118621826, 0.2846282124519348, -0.10144224017858505
-0.255448579788208, 0.28477221727371216, -0.10128305852413177
-0.2610880136489868, 0.28482896089553833, -0.10091862827539444
-0.26589667797088623, 0.2849400043487549, -0.10076712816953659
-0.2700071334838867, 0.28491395711898804, -0.10050443559885025
-0.2737429738044739, 0.28493136167526245, -0.10015935450792313
-0.27921807765960693, 0.2850891947746277, -0.0998460203409195
-0.2862975597381592, 0.286103218793869, -0.09833341836929321
-0.28888529539108276, 0.2860405147075653, -0.09811752289533615
-0.2922888994216919, 0.2858283519744873, -0.0981968566775322
-0.29716724157333374, 0.2858322262763977, -0.09807763248682022
-0.30189424753189087, 0.2858303189277649, -0.0978444516658783
-0.30536389350891113, 0.2859027683734894, -0.09762708097696304
-0.30725425481796265, 0.2858465015888214, -0.0975465327501297
-0.310077428817749, 0.2860489785671234, -0.09709317982196808
-0.31359368562698364, 0.28705987334251404, -0.0953948050737381
-0.31400662660598755, 0.28717324137687683, -0.0949612632393837
-0.314017117023468, 0.28647392988204956, -0.09476564079523087
-0.3153790831565857, 0.28684622049331665, -0.0927114337682724
-0.3159114122390747, 0.2870808243751526, -0.09137385338544846
-0.31447726488113403, 0.2853018045425415, -0.09117310494184494
-0.3145970106124878, 0.28553062677383423, -0.08967690169811249
-0.31205296516418457, 0.2848699688911438, -0.08951974660158157
-0.30756276845932007, 0.28234872221946716, -0.08991717547178268
-0.30580973625183105, 0.2821582555770874, -0.08987270295619965
-0.3008922338485718, 0.2804985046386719, -0.09066765010356903
-0.2903669476509094, 0.27592986822128296, -0.09464147686958313
-0.28606492280960083, 0.2754201292991638, -0.09522665292024612
-0.2832517623901367, 0.275195837020874, -0.09538574516773224
-0.278006374835968, 0.2745811641216278, -0.09585852175951004
-0.2737452983856201, 0.2744651436805725, -0.09595312923192978
-0.26747947931289673, 0.274355947971344, -0.09603609144687653
-0.2613171935081482, 0.27422896027565, -0.09629567712545395
-0.25656670331954956, 0.27416858077049255, -0.09638427197933197
-0.2511987090110779, 0.2741045653820038, -0.09644248336553574
-0.24486666917800903, 0.2740355134010315, -0.096581369638443
-0.23862604796886444, 0.2739814519882202, -0.09655290842056274
-0.2322179079055786, 0.2739426791667938, -0.0965832769870758
-0.2266455590724945, 0.27378910779953003, -0.09658555686473846
-0.22095663845539093, 0.27373796701431274, -0.09646899998188019
-0.2150547355413437, 0.27368971705436707, -0.09643775224685669
-0.20933958888053894, 0.27353277802467346, -0.09635231643915176
-0.20275913178920746, 0.2735083997249603, -0.0963088721036911
-0.1964922547340393, 0.2730652987957001, -0.096280038356781
-0.19139337539672852, 0.27298811078071594, -0.0957435891032219
-0.1861983686685562, 0.2721624970436096, -0.095441073179245
-0.18058981001377106, 0.2713128328323364, -0.09515663981437683
-0.1756746619939804, 0.2700733542442322, -0.09450511634349823
-0.17050161957740784, 0.26899534463882446, -0.09390135109424591
-0.1657853126525879, 0.2679283320903778, -0.09369133412837982
-0.1612558215856552, 0.2667229473590851, -0.09292525798082352
-0.15698455274105072, 0.2657182216644287, -0.09250057488679886
-0.1527760624885559, 0.2647238075733185, -0.09233561903238297
-0.14935225248336792, 0.26327598094940186, -0.09205513447523117
-0.14608989655971527, 0.2623606026172638, -0.09177417308092117
-0.1432202160358429, 0.2615800201892853, -0.09164541214704514
-0.14076261222362518, 0.26063498854637146, -0.0912119671702385
-0.13870561122894287, 0.25992169976234436, -0.09098885208368301
-0.13670772314071655, 0.25931504368782043, -0.09083877503871918
-0.13512775301933289, 0.25901952385902405, -0.09071353822946548
-0.13383294641971588, 0.25859972834587097, -0.09024760127067566
-0.13299234211444855, 0.2578921318054199, -0.08979419618844986
-0.13244269788265228, 0.2573050260543823, -0.08939150720834732
-0.13217292726039886, 0.25700435042381287, -0.08914021402597427
-0.1319141685962677, 0.2566172778606415, -0.08892970532178879
-0.13182225823402405, 0.25642627477645874, -0.0887933224439621
-0.13223421573638916, 0.25626400113105774, -0.08861614763736725
-0.1330508589744568, 0.2561250925064087, -0.08848555386066437
-0.13436521589756012, 0.2560390532016754, -0.08839196711778641
-0.13617709279060364, 0.25601983070373535, -0.08835817128419876
-0.13835400342941284, 0.25599899888038635, -0.08834796398878098
-0.14072085916996002, 0.2560575306415558, -0.08837945014238358
-0.1433316469192505, 0.2561245858669281, -0.08847945928573608
-0.14608214795589447, 0.2563381791114807, -0.08879789710044861
-0.1492910087108612, 0.25655126571655273, -0.08927227556705475
-0.15247435867786407, 0.25707146525382996, -0.08987341076135635
-0.15574611723423004, 0.2578878104686737, -0.09058719873428345
-0.1591116338968277, 0.25898778438568115, -0.09084388613700867
-0.1626387983560562, 0.25997164845466614, -0.09143403172492981
-0.1665155440568924, 0.2609294652938843, -0.09200730174779892
-0.1702389270067215, 0.2622512876987457, -0.09232804924249649
-0.17458531260490417, 0.2632997930049896, -0.09279625117778778
-0.1793747991323471, 0.26468968391418457, -0.09353412687778473
-0.1840968281030655, 0.26597124338150024, -0.09378953278064728
-0.18905290961265564, 0.26733478903770447, -0.0943496823310852
-0.19436568021774292, 0.26837825775146484, -0.09469546377658844
-0.1996305286884308, 0.2694067656993866, -0.09501100331544876
-0.2053515911102295, 0.27042049169540405, -0.09545339643955231
-0.21069340407848358, 0.2714111804962158, -0.09578133374452591
-0.21614331007003784, 0.2721211016178131, -0.09620900452136993
-0.2212749868631363, 0.27283066511154175, -0.09641766548156738
-0.22652621567249298, 0.2734571397304535, -0.09651769697666168
-0.23133306205272675, 0.2736790180206299, -0.09659134596586227
-0.23608019948005676, 0.27391067147254944, -0.09665415436029434
-0.2405978888273239, 0.2740256190299988, -0.09683196991682053
-0.24525757133960724, 0.274146169424057, -0.09687869995832443
-0.24904072284698486, 0.27419397234916687, -0.09698128700256348
-0.2525537610054016, 0.27420198917388916, -0.0971611812710762
-0.2560485601425171, 0.2740006744861603, -0.09734326601028442
-0.25860756635665894, 0.27378395199775696, -0.09816638380289078
-0.2605147957801819, 0.2736293077468872, -0.0988999754190445
-0.26253193616867065, 0.27264055609703064, -0.09943362325429916
-0.26493483781814575, 0.27297642827033997, -0.10360348224639893
-0.26640599966049194, 0.2730250060558319, -0.10418055951595306
-0.267639696598053, 0.2742944657802582, -0.10693901777267456
-0.2681325078010559, 0.2767612636089325, -0.10930287837982178
-0.26887446641921997, 0.2768119275569916, -0.10956990718841553
-0.2690904140472412, 0.2770124077796936, -0.1104724183678627
-0.2688083052635193, 0.27773141860961914, -0.1107272133231163
-0.2685886025428772, 0.2787019610404968, -0.11080674827098846
-0.2686010003089905, 0.2806051969528198, -0.11158614605665207
-0.26788461208343506, 0.2835458815097809, -0.11222483217716217
-0.2678890824317932, 0.2852073311805725, -0.11252126842737198
-0.267963171005249, 0.2872174382209778, -0.1128353476524353
-0.26658761501312256, 0.29192548990249634, -0.11300285160541534
-0.26638877391815186, 0.2959764003753662, -0.11309416592121124
-0.2655142545700073, 0.29892247915267944, -0.1128816157579422
-0.2626867890357971, 0.3016221523284912, -0.1113024577498436
-0.26247018575668335, 0.30585718154907227, -0.11117671430110931
-0.2618533968925476, 0.3095245361328125, -0.11101844161748886
-0.2601745128631592, 0.3122501075267792, -0.10925861448049545
-0.2599347233772278, 0.3169804811477661, -0.10888629406690598
-0.25976425409317017, 0.3237003684043884, -0.1072559803724289
-0.25703078508377075, 0.3310282528400421, -0.10534127801656723
-0.2582647204399109, 0.3352833390235901, -0.10116832703351974
-0.25837498903274536, 0.3398032784461975, -0.10039662569761276
-0.25810956954956055, 0.344338983297348, -0.09963977336883545
-0.2574155926704407, 0.34915322065353394, -0.09902463108301163
-0.25642579793930054, 0.35336658358573914, -0.09846814721822739
-0.2549325227737427, 0.35826626420021057, -0.09783080220222473
-0.2533411979675293, 0.3627105951309204, -0.09723697602748871
-0.25149619579315186, 0.36729589104652405, -0.09651762247085571
-0.24855032563209534, 0.3768679201602936, -0.09468857944011688
-0.24786005914211273, 0.38123831152915955, -0.09480512887239456
-0.24488291144371033, 0.3909093737602234, -0.09453986585140228
-0.2426190823316574, 0.3960886299610138, -0.09432527422904968
-0.24030442535877228, 0.40095752477645874, -0.0939924344420433
-0.2400217205286026, 0.4056279957294464, -0.09421033412218094
-0.238815039396286, 0.4120780825614929, -0.09436903148889542
-0.23858128488063812, 0.41739025712013245, -0.09460725635290146
-0.23656830191612244, 0.4232746660709381, -0.09468488395214081
-0.23258718848228455, 0.43129318952560425, -0.09304371476173401
-0.2300032079219818, 0.43735161423683167, -0.09249334037303925
-0.22871722280979156, 0.4405468702316284, -0.09195296466350555
-0.22706611454486847, 0.44444823265075684, -0.09123734384775162
-0.22457584738731384, 0.448135107755661, -0.08947662264108658
-0.22404150664806366, 0.4525284469127655, -0.08909976482391357
-0.2227773517370224, 0.456095814704895, -0.0882028341293335
-0.2223115861415863, 0.46049660444259644, -0.08764906972646713
-0.22101840376853943, 0.4638078510761261, -0.08705785870552063
-0.21922791004180908, 0.4669368863105774, -0.08610320091247559
-0.21834343671798706, 0.47063398361206055, -0.0856001153588295
-0.2173987179994583, 0.47410210967063904, -0.08498166501522064
-0.21600595116615295, 0.476674348115921, -0.0843711569905281
-0.2150712013244629, 0.4806424379348755, -0.08391889184713364
-0.21418388187885284, 0.4841616451740265, -0.08318927139043808
-0.2128782719373703, 0.48654839396476746, -0.08292902261018753
-0.21193011105060577, 0.49001210927963257, -0.08285824954509735
-0.21155405044555664, 0.4924366772174835, -0.08284778892993927
-0.21116581559181213, 0.4954807460308075, -0.08198529481887817
-0.20997102558612823, 0.4982396364212036, -0.08073148131370544
-0.20933540165424347, 0.5010353326797485, -0.08062088489532471
-0.20990611612796783, 0.5015780925750732, -0.07982803136110306
-0.2099778950214386, 0.5037405490875244, -0.07972395420074463
-0.20997297763824463, 0.5059118270874023, -0.07950140535831451
-0.20995786786079407, 0.5085943937301636, -0.07939070463180542
-0.2098160982131958, 0.5115538835525513, -0.0795086994767189
-0.2096814513206482, 0.5157831311225891, -0.08080857992172241
-0.20956753194332123, 0.5198966264724731, -0.08092152327299118
-0.2096177190542221, 0.5211694836616516, -0.08110010623931885
-0.209565207362175, 0.523052990436554, -0.08248405158519745
-0.20946712791919708, 0.5248924493789673, -0.08373510837554932
-0.2094290405511856, 0.5267025232315063, -0.08541959524154663
-0.20928099751472473, 0.5279788970947266, -0.08691434562206268
-0.20916105806827545, 0.5299119353294373, -0.09009021520614624
-0.2091001719236374, 0.5316620469093323, -0.0917976126074791
-0.20897899568080902, 0.5334177017211914, -0.0945134237408638
-0.2083638459444046, 0.5358611941337585, -0.09761117398738861
-0.20823675394058228, 0.5374296307563782, -0.0999135747551918
-0.20882022380828857, 0.5376350283622742, -0.10219231992959976
-0.2090834677219391, 0.5387717485427856, -0.10469063371419907
-0.20920972526073456, 0.5392777323722839, -0.10780913382768631
-0.2092851847410202, 0.5395277142524719, -0.11144495755434036
-0.20945054292678833, 0.5406432747840881, -0.11558542400598526
-0.21004068851470947, 0.5410669445991516, -0.11899638175964355
-0.21036724746227264, 0.5413302779197693, -0.12277459353208542
-0.21133841574192047, 0.5415371060371399, -0.12694917619228363
-0.21247662603855133, 0.5418830513954163, -0.1304679811000824
-0.214213028550148, 0.5421006679534912, -0.13391104340553284
-0.21515363454818726, 0.5422071218490601, -0.138037770986557
-0.21575966477394104, 0.542316198348999, -0.14231421053409576
-0.21614450216293335, 0.5423096418380737, -0.14628463983535767
-0.21671563386917114, 0.5421384572982788, -0.15016888082027435
-0.21739478409290314, 0.5419655442237854, -0.15432560443878174
-0.21795682609081268, 0.5415629148483276, -0.15802434086799622
-0.21836841106414795, 0.541454553604126, -0.16148227453231812
-0.21918493509292603, 0.5414198040962219, -0.16397535800933838
-0.2208610326051712, 0.5414332151412964, -0.16705000400543213
-0.22114962339401245, 0.5412865281105042, -0.16915492713451385
-0.22156940400600433, 0.5410913825035095, -0.17249178886413574
-0.22191578149795532, 0.5408730506896973, -0.17566034197807312
-0.22280853986740112, 0.5401236414909363, -0.1797279268503189
-0.22328470647335052, 0.5397405028343201, -0.18224558234214783
-0.22384415566921234, 0.5393709540367126, -0.18535418808460236
-0.22456535696983337, 0.539096474647522, -0.1881360560655594
-0.2250417172908783, 0.5388669371604919, -0.19099949300289154
-0.22570179402828217, 0.5387134552001953, -0.19365353882312775
-0.22667580842971802, 0.5384740233421326, -0.19695720076560974
-0.22736439108848572, 0.5383056402206421, -0.19992634654045105
-0.22843584418296814, 0.5373415946960449, -0.2037653774023056
-0.22910743951797485, 0.5369548201560974, -0.20701433718204498
-0.2292894721031189, 0.5362709164619446, -0.2097128927707672
-0.23011453449726105, 0.5358870029449463, -0.21169060468673706
-0.23074892163276672, 0.5352437496185303, -0.21387949585914612
-0.23094797134399414, 0.5346734523773193, -0.2158370018005371
-0.23113565146923065, 0.5344575643539429, -0.21767239272594452
-0.23107898235321045, 0.5343788266181946, -0.21990033984184265
-0.23108980059623718, 0.5339182615280151, -0.22246092557907104
-0.23067517578601837, 0.5338026881217957, -0.22410821914672852
-0.23042307794094086, 0.5335771441459656, -0.22604824602603912
-0.2298373579978943, 0.5334617495536804, -0.22722767293453217
-0.2295510470867157, 0.5334093570709229, -0.22940891981124878
-0.22902263700962067, 0.533384382724762, -0.23048757016658783
-0.2284272313117981, 0.5334686040878296, -0.2316020429134369
-0.2280544489622116, 0.5339699983596802, -0.23363979160785675
-0.2278933972120285, 0.5340856909751892, -0.23446662724018097
-0.22768162190914154, 0.5341648459434509, -0.23530863225460052
-0.22663162648677826, 0.5345534682273865, -0.23614071309566498
-0.22574086487293243, 0.535083532333374, -0.23699678480625153
-0.22523345053195953, 0.5354852676391602, -0.2380969375371933
-0.224911168217659, 0.5360570549964905, -0.23917284607887268
-0.22470985352993011, 0.5368227362632751, -0.23969928920269012
-0.2245715856552124, 0.5369874238967896, -0.24058681726455688
-0.2241581827402115, 0.538093626499176, -0.2408004254102707
-0.22401511669158936, 0.5387306809425354, -0.2416093647480011
-0.22345785796642303, 0.5395479798316956, -0.24248568713665009
-0.22331248223781586, 0.5397970676422119, -0.24282263219356537
-0.22306565940380096, 0.5400237441062927, -0.24372445046901703
-0.22249267995357513, 0.5403311848640442, -0.24412968754768372
-0.2220960408449173, 0.5404401421546936, -0.24459446966648102
-0.22067612409591675, 0.5400807857513428, -0.2447546124458313
-0.21980415284633636, 0.5394643545150757, -0.24493756890296936
-0.2192823886871338, 0.5393552184104919, -0.24543803930282593
-0.2190288007259369, 0.5393044352531433, -0.2461438626050949
-0.21832898259162903, 0.5391913652420044, -0.24670876562595367
-0.21756406128406525, 0.5389785766601562, -0.24766263365745544
-0.21639958024024963, 0.5389841794967651, -0.2479107826948166
-0.21519574522972107, 0.5388115644454956, -0.24850082397460938
-0.21495795249938965, 0.53858482837677, -0.24918854236602783
-0.21410706639289856, 0.5384383201599121, -0.24942556023597717
-0.21256700158119202, 0.538374125957489, -0.2515295147895813
-0.21177662909030914, 0.5383445024490356, -0.2524182200431824
-0.2115350216627121, 0.5382399559020996, -0.2531682848930359
-0.21126486361026764, 0.5384477972984314, -0.2538444399833679
-0.21103498339653015, 0.5385923385620117, -0.2549940347671509
-0.21090784668922424, 0.5388880372047424, -0.2552238702774048
-0.21031324565410614, 0.5395678877830505, -0.25549882650375366
-0.21013811230659485, 0.5399653911590576, -0.2557588219642639
-0.20955514907836914, 0.5408689975738525, -0.256344735622406
-0.2094799280166626, 0.5411990284919739, -0.2573901414871216
-0.20945951342582703, 0.5422186851501465, -0.25846344232559204
-0.20909342169761658, 0.5431174635887146, -0.2598564624786377
-0.20881783962249756, 0.5438148379325867, -0.2608845829963684
-0.20865614712238312, 0.5449544191360474, -0.2613930106163025
-0.20861443877220154, 0.5461083054542542, -0.2616400122642517
-0.2086016982793808, 0.5473250150680542, -0.2618190050125122
-0.2086571753025055, 0.5488502979278564, -0.2619199752807617
-0.2089577317237854, 0.5494053363800049, -0.2619829773902893
-0.2091902196407318, 0.5508567094802856, -0.26211607456207275
-0.20942243933677673, 0.5512731671333313, -0.2621617317199707
-0.20949417352676392, 0.5521766543388367, -0.2621838450431824
-0.20950518548488617, 0.5526564717292786, -0.2621837258338928
-0.20921388268470764, 0.5535179376602173, -0.2624843716621399
-0.20835928618907928, 0.5538560748100281, -0.2628074288368225
-0.2067870944738388, 0.5540899634361267, -0.2629407048225403
-0.20588460564613342, 0.5542773604393005, -0.2634316682815552
-0.20425079762935638, 0.5544872283935547, -0.2641832232475281
-0.2020372897386551, 0.5547378659248352, -0.26560407876968384
-0.199700266122818, 0.554885745048523, -0.26543349027633667
-0.1974119395017624, 0.5553457736968994, -0.26668673753738403
-0.19628514349460602, 0.5554949045181274, -0.2667745351791382
-0.19493065774440765, 0.5560702085494995, -0.2667931318283081
-0.19345417618751526, 0.5564582943916321, -0.2666392922401428
-0.1918269693851471, 0.5566394925117493, -0.2664709687232971
-0.19075699150562286, 0.5573738813400269, -0.26621389389038086
-0.18886950612068176, 0.557866096496582, -0.26599401235580444
-0.18750876188278198, 0.558060348033905, -0.2658005952835083
-0.18542589247226715, 0.5586925148963928, -0.26553261280059814
-0.18444101512432098, 0.5591104030609131, -0.2649022340774536
-0.1826355755329132, 0.5598931312561035, -0.26455140113830566
-0.1804618388414383, 0.5601585507392883, -0.2638680338859558
-0.1781970113515854, 0.5603646636009216, -0.26368606090545654
-0.1759444624185562, 0.5604119896888733, -0.26350080966949463
-0.17487779259681702, 0.5604228973388672, -0.26331597566604614
-0.17272748053073883, 0.5600813031196594, -0.2632242441177368
-0.17056940495967865, 0.5600188374519348, -0.26252156496047974
-0.16782355308532715, 0.559810221195221, -0.2615594267845154
-0.1655648797750473, 0.559578001499176, -0.2601599097251892
-0.16447749733924866, 0.5587706565856934, -0.2608678340911865
-0.1626695990562439, 0.5582693219184875, -0.26062512397766113
-0.16040237247943878, 0.5578659772872925, -0.259792685508728
-0.15825141966342926, 0.5570651888847351, -0.258566677570343
-0.15541331470012665, 0.5568840503692627, -0.25713175535202026
-0.1528453379869461, 0.5567041039466858, -0.2557365298271179
-0.1508738100528717, 0.5562119483947754, -0.25470149517059326
-0.14839337766170502, 0.5560778379440308, -0.2530049681663513
-0.1463455855846405, 0.5557169914245605, -0.251568078994751
-0.14440086483955383, 0.5553315877914429, -0.24995240569114685
-0.141507089138031, 0.5551634430885315, -0.24797707796096802
-0.13893474638462067, 0.5550251603126526, -0.24618388712406158
-0.1372680813074112, 0.5541951656341553, -0.2445247322320938
-0.13502617180347443, 0.5532066226005554, -0.24259400367736816
-0.1326555758714676, 0.5526548027992249, -0.24079419672489166
-0.13229550421237946, 0.5503211617469788, -0.2399485558271408
-0.13166087865829468, 0.5478424429893494, -0.2391705960035324
-0.1306830644607544, 0.5455920696258545, -0.23786939680576324
-0.1280076950788498, 0.5451096892356873, -0.2373870462179184
-0.1258646845817566, 0.5444684028625488, -0.236810103058815
-0.12406366318464279, 0.543291449546814, -0.23517732322216034
-0.12200985848903656, 0.5420820116996765, -0.2337942272424698
-0.11956925690174103, 0.5415001511573792, -0.2316722571849823
-0.11785063147544861, 0.5395191311836243, -0.23105081915855408
-0.1160764992237091, 0.5389235019683838, -0.22968877851963043
-0.1152300164103508, 0.5381320118904114, -0.229380801320076
-0.11412107199430466, 0.5368358492851257, -0.22893765568733215
-0.11251582950353622, 0.5365349650382996, -0.2281796783208847
-0.111371248960495, 0.5359216928482056, -0.22797667980194092
-0.11021596938371658, 0.5356147289276123, -0.22727569937705994
-0.10894626379013062, 0.5351417660713196, -0.22713863849639893
-0.10805091261863708, 0.534807026386261, -0.2270062267780304
-0.10716437548398972, 0.5346349477767944, -0.22710365056991577
-0.10675884038209915, 0.5346075296401978, -0.22778527438640594
-0.10597911477088928, 0.5345355272293091, -0.22850613296031952
-0.10514633357524872, 0.5342459082603455, -0.22984252870082855
-0.10490119457244873, 0.5343101024627686, -0.23207098245620728
-0.10449247807264328, 0.5341353416442871, -0.2327224761247635
-0.1034744381904602, 0.5341415405273438, -0.23394551873207092
-0.1021825298666954, 0.5341553092002869, -0.23480069637298584
-0.10190039873123169, 0.5341747403144836, -0.23500527441501617
-0.1015605702996254, 0.534186840057373, -0.23523150384426117
-0.10132335126399994, 0.5338883399963379, -0.23532330989837646
-0.10112398862838745, 0.5339117646217346, -0.23540134727954865
-0.10010562837123871, 0.5348292589187622, -0.23682954907417297
-0.09992635250091553, 0.534544050693512, -0.2384365200996399
-0.09943895787000656, 0.5345281958580017, -0.24054980278015137
-0.09934604912996292, 0.5365443825721741, -0.24390366673469543
-0.09930654615163803, 0.536451518535614, -0.24411846697330475
-0.09927434474229813, 0.5365055203437805, -0.2442270666360855
-0.09916064888238907, 0.5367737412452698, -0.24458947777748108
-0.09937554597854614, 0.5366438031196594, -0.244808629155159
-0.09945431351661682, 0.5369208455085754, -0.24744237959384918
-0.09962229430675507, 0.5379776358604431, -0.2524983286857605
-0.09998858720064163, 0.5386751294136047, -0.2562751770019531
-0.10192327946424484, 0.5389792323112488, -0.2601844072341919
-0.10208207368850708, 0.5396672487258911, -0.2634785771369934
-0.10342226177453995, 0.5401664972305298, -0.26414430141448975
-0.10338668525218964, 0.5402658581733704, -0.2638726830482483
-0.1029253602027893, 0.5408033728599548, -0.26398026943206787
-0.10294776409864426, 0.5410894751548767, -0.2640763521194458
-0.1037295013666153, 0.5411987900733948, -0.26463305950164795
-0.105459064245224, 0.5419354438781738, -0.26482343673706055
-0.10835838317871094, 0.5420213937759399, -0.2657899260520935
-0.10884388536214828, 0.5431382656097412, -0.26736944913864136
-0.1090313196182251, 0.5442457795143127, -0.26792025566101074
-0.10984528809785843, 0.5450384616851807, -0.2689175009727478
-0.11147969216108322, 0.5464836955070496, -0.27015405893325806
-0.11490649729967117, 0.5467479228973389, -0.2708932161331177
-0.11954288929700851, 0.5464980006217957, -0.2721160054206848
-0.12324360013008118, 0.5453656911849976, -0.27282071113586426
-0.12348576635122299, 0.545982301235199, -0.27299827337265015
-0.1258029043674469, 0.5460184812545776, -0.2730494737625122
-0.12861225008964539, 0.5456032752990723, -0.273284375667572
-0.1319347470998764, 0.5450165867805481, -0.27374255657196045
-0.13445815443992615, 0.5441172122955322, -0.2740327715873718
-0.13790453970432281, 0.5426504015922546, -0.2744930386543274
-0.14066359400749207, 0.5414238572120667, -0.2750511169433594
-0.14326298236846924, 0.541087806224823, -0.27538812160491943
-0.14581425487995148, 0.5402806401252747, -0.2755671739578247
-0.14808224141597748, 0.5398343801498413, -0.2757387161254883
-0.15008608996868134, 0.5396084785461426, -0.2753317952156067
-0.15135031938552856, 0.5394509434700012, -0.2750644087791443
-0.15291322767734528, 0.538800835609436, -0.2742287516593933
-0.1539023518562317, 0.5373921990394592, -0.27326810359954834
-0.15525954961776733, 0.5359463691711426, -0.2721911072731018
-0.15611855685710907, 0.5354546904563904, -0.271437406539917
-0.15683293342590332, 0.5341126918792725, -0.2702676057815552
-0.1572919487953186, 0.5326856970787048, -0.26953768730163574
-0.15862222015857697, 0.5315201878547668, -0.26733362674713135
-0.1606937199831009, 0.5294422507286072, -0.26389068365097046
-0.16162851452827454, 0.5279357433319092, -0.2623852491378784
-0.16267862915992737, 0.5274896621704102, -0.2615669369697571
-0.16295726597309113, 0.5270308256149292, -0.2613101005554199
-0.1631641983985901, 0.5267564058303833, -0.26090604066848755
-0.16332308948040009, 0.5265946984291077, -0.26068252325057983
-0.16347654163837433, 0.5264870524406433, -0.2604426145553589
-0.164118230342865, 0.5262108445167542, -0.25938934087753296
-0.16425852477550507, 0.5259902477264404, -0.25922173261642456
-0.1648920625448227, 0.5257825255393982, -0.2580747604370117
-0.16561733186244965, 0.5255863070487976, -0.25753647089004517
-0.16582518815994263, 0.5254850387573242, -0.25737982988357544
-0.16615578532218933, 0.5250017642974854, -0.2565542459487915
-0.16630704700946808, 0.5245961546897888, -0.25635385513305664
-0.16645124554634094, 0.5239086747169495, -0.2560676336288452
-0.16673555970191956, 0.5237193703651428, -0.2558284401893616
-0.16732265055179596, 0.5236772894859314, -0.25486087799072266
-0.16747860610485077, 0.5238011479377747, -0.2544848322868347
-0.16769728064537048, 0.5241278409957886, -0.2541217803955078
-0.16777051985263824, 0.5242887735366821, -0.2539103627204895
-0.16785845160484314, 0.5245881676673889, -0.2532973885536194
-0.16816647350788116, 0.5246618986129761, -0.2526516318321228
-0.16824138164520264, 0.524992823600769, -0.2513650059700012
-0.16829806566238403, 0.525263786315918, -0.2510906457901001
-0.16841986775398254, 0.5255264639854431, -0.25088590383529663
-0.16871243715286255, 0.5257135629653931, -0.25068849325180054
-0.16876313090324402, 0.5260258913040161, -0.250554621219635
-0.16878920793533325, 0.5262269973754883, -0.2503870129585266
-0.16840139031410217, 0.5264939069747925, -0.2502571940422058
-0.1684645116329193, 0.5270326137542725, -0.2500709295272827
-0.16828519105911255, 0.5271664261817932, -0.24997268617153168
-0.16824470460414886, 0.5273345112800598, -0.24919140338897705
-0.16831940412521362, 0.5276908278465271, -0.24852271378040314
-0.1684315949678421, 0.5282948017120361, -0.2477109432220459
-0.16859441995620728, 0.5284757614135742, -0.24735142290592194
-0.16862799227237701, 0.5286282896995544, -0.24716004729270935
-0.1686934232711792, 0.5289563536643982, -0.24702028930187225
-0.16868658363819122, 0.5299454927444458, -0.2469572126865387
-0.16826754808425903, 0.5308393239974976, -0.24680465459823608
-0.16774816811084747, 0.5333520770072937, -0.24716497957706451
-0.16720062494277954, 0.5364120602607727, -0.24716606736183167
-0.16705068945884705, 0.5384520888328552, -0.2466263473033905
-0.16693349182605743, 0.5402143001556396, -0.24627941846847534
-0.1664617508649826, 0.5434644818305969, -0.24615778028964996
-0.16619297862052917, 0.5451453328132629, -0.24579551815986633
-0.16604481637477875, 0.5467426776885986, -0.2448677122592926
-0.16600705683231354, 0.5478417277336121, -0.24340148270130157
-0.1555182784795761, 0.5518499612808228, -0.24114204943180084
-0.15475793182849884, 0.5520955920219421, -0.24000172317028046
-0.1546434760093689, 0.5532823204994202, -0.23970796167850494
-0.15404090285301208, 0.5535657405853271, -0.23957282304763794
-0.15465714037418365, 0.5535401105880737, -0.23800964653491974
-0.15579074621200562, 0.5518853068351746, -0.23749174177646637
-0.15589912235736847, 0.5520535707473755, -0.2362770438194275
-0.15776236355304718, 0.5523219108581543, -0.23363767564296722
-0.16141968965530396, 0.5524058938026428, -0.23113566637039185
-0.16341321170330048, 0.5531880855560303, -0.2275930494070053
-0.16476352512836456, 0.5552675127983093, -0.22599588334560394
-0.16593815386295319, 0.5583765506744385, -0.22574447095394135
-0.16753138601779938, 0.5593366622924805, -0.22335800528526306
-0.16905124485492706, 0.5646768808364868, -0.22240105271339417
-0.17081224918365479, 0.565692126750946, -0.22139248251914978
-0.1724824756383896, 0.5669568777084351, -0.22119221091270447
-0.17530646920204163, 0.5688489675521851, -0.2209976315498352
-0.17909666895866394, 0.5709269642829895, -0.21987926959991455
-0.18243956565856934, 0.5729776620864868, -0.2196671962738037
-0.18433821201324463, 0.5750119090080261, -0.22020095586776733
-0.18488569557666779, 0.5767963528633118, -0.21941374242305756
-0.18648873269557953, 0.5773952007293701, -0.21909093856811523
-0.18664346635341644, 0.5778557062149048, -0.22283613681793213
-0.18668240308761597, 0.5781497955322266, -0.22506996989250183
-0.18662092089653015, 0.5814567804336548, -0.22768265008926392
-0.1897611767053604, 0.5815401077270508, -0.22810766100883484
-0.19823946058750153, 0.5763967633247375, -0.22539591789245605
-0.20395053923130035, 0.5718828439712524, -0.2227809876203537
-0.20976091921329498, 0.5714167356491089, -0.2222042679786682
-0.21689824759960175, 0.5693531036376953, -0.2162255048751831
-0.22431644797325134, 0.5631591081619263, -0.21213097870349884
-0.23075683414936066, 0.5598994493484497, -0.21050137281417847
-0.2369256168603897, 0.5542513132095337, -0.20935837924480438
-0.2472325712442398, 0.5552281141281128, -0.197917640209198
-0.2510853409767151, 0.5541115403175354, -0.19966021180152893
-0.2536658048629761, 0.554181694984436, -0.19985218346118927
-0.25936245918273926, 0.5628337264060974, -0.20003212988376617
-0.2712351083755493, 0.5634662508964539, -0.2052294909954071
-0.2760627865791321, 0.5573118925094604, -0.20341765880584717
-0.27539777755737305, 0.5562980771064758, -0.20147481560707092
-0.2757343649864197, 0.5546753406524658, -0.2201724350452423
-0.2753990888595581, 0.5510254502296448, -0.21309445798397064
-0.27936315536499023, 0.5533597469329834, -0.21118709444999695
-0.2862586975097656, 0.5543867945671082, -0.21434523165225983
-0.28683680295944214, 0.5534683465957642, -0.21380452811717987
-0.2893863916397095, 0.5534389615058899, -0.21377423405647278
-0.29347121715545654, 0.5520093441009521, -0.21857017278671265
-0.29414260387420654, 0.5512452721595764, -0.21484415233135223
-0.2984488606452942, 0.5516086220741272, -0.21368801593780518
-0.3020813465118408, 0.5518774390220642, -0.21391139924526215
-0.3039146661758423, 0.5516409873962402, -0.21229948103427887
-0.3042151927947998, 0.5512667298316956, -0.2089821845293045
-0.3060492277145386, 0.5439237952232361, -0.20592999458312988
-0.3063013553619385, 0.5428975224494934, -0.2026737481355667
-0.30799710750579834, 0.5427057147026062, -0.19928215444087982
-0.3067966103553772, 0.5434020161628723, -0.19886398315429688
-0.3072768449783325, 0.5428042411804199, -0.19350162148475647
-0.3073079586029053, 0.5427324771881104, -0.18978437781333923
-0.30035966634750366, 0.5426868796348572, -0.18842101097106934
-0.3005927801132202, 0.5436257719993591, -0.1824866086244583
-0.29914313554763794, 0.545139491558075, -0.18225519359111786
-0.29469960927963257, 0.545316219329834, -0.18356625735759735
-0.29496288299560547, 0.542702853679657, -0.17796525359153748
-0.2911955714225769, 0.5385511517524719, -0.17695161700248718
-0.28368842601776123, 0.5370736122131348, -0.17473456263542175
-0.2839142084121704, 0.5355443358421326, -0.16974875330924988
-0.27960526943206787, 0.5352678894996643, -0.1698770374059677
-0.2676246166229248, 0.5351285338401794, -0.16037297248840332
-0.26749688386917114, 0.5275673866271973, -0.1557636559009552
-0.25940412282943726, 0.5254418849945068, -0.14788061380386353
-0.2528344988822937, 0.5269025564193726, -0.1489177793264389
-0.2526649832725525, 0.5259228348731995, -0.15090955793857574
-0.24839484691619873, 0.5223845839500427, -0.15045493841171265
-0.24293802678585052, 0.5216759443283081, -0.1492200493812561
-0.24034608900547028, 0.5191547274589539, -0.1480226069688797
-0.23578228056430817, 0.517949640750885, -0.14719253778457642
-0.2275581657886505, 0.5150007009506226, -0.14793644845485687
-0.22079747915267944, 0.5147091150283813, -0.14798541367053986
-0.2181359976530075, 0.5119525194168091, -0.1467970609664917
-0.21343351900577545, 0.5092150568962097, -0.14546041190624237
-0.20921193063259125, 0.5070770978927612, -0.14534470438957214
-0.2049115002155304, 0.5068962574005127, -0.14295224845409393
-0.19841639697551727, 0.504258930683136, -0.1420362889766693
-0.19714179635047913, 0.5029229521751404, -0.13918724656105042
-0.1957819163799286, 0.5027152299880981, -0.13894784450531006
-0.19128696620464325, 0.49790051579475403, -0.13826294243335724
-0.1883789598941803, 0.4972210228443146, -0.13795824348926544
-0.18736417591571808, 0.4953126311302185, -0.13783547282218933
-0.18546444177627563, 0.4935186207294464, -0.13719087839126587
-0.1851162612438202, 0.4919368624687195, -0.13697122037410736
-0.18385565280914307, 0.48458993434906006, -0.13778509199619293
-0.1821850836277008, 0.4830586016178131, -0.1380307376384735
-0.18189667165279388, 0.47813549637794495, -0.13993878662586212
-0.17142757773399353, 0.4648132622241974, -0.15410630404949188
-0.17399753630161285, 0.46873047947883606, -0.15251702070236206
-0.17310388386249542, 0.4621427357196808, -0.15848307311534882
-0.16955026984214783, 0.465536504983902, -0.16153660416603088
-0.16983065009117126, 0.47398900985717773, -0.1633351743221283
-0.16998134553432465, 0.4742339849472046, -0.16575048863887787
-0.17152798175811768, 0.4796319603919983, -0.1658155918121338
-0.1716822385787964, 0.4844127297401428, -0.1670042723417282
-0.18104295432567596, 0.4803219139575958, -0.16503629088401794
-0.17284195125102997, 0.48518210649490356, -0.17761333286762238
-0.17481301724910736, 0.4864763021469116, -0.17956194281578064
-0.17775243520736694, 0.4881851077079773, -0.18052172660827637
-0.18102991580963135, 0.48843327164649963, -0.18072152137756348
-0.1875523030757904, 0.4878036677837372, -0.1816333681344986
-0.18877741694450378, 0.4902440905570984, -0.1818939745426178
-0.19448597729206085, 0.489668607711792, -0.1832074671983719
-0.20036229491233826, 0.48960572481155396, -0.18509116768836975
-0.2045501470565796, 0.48963218927383423, -0.185791015625
-0.20891961455345154, 0.4930840730667114, -0.1880599856376648
-0.2141459435224533, 0.4958451986312866, -0.19138386845588684
-0.21891576051712036, 0.4970521926879883, -0.19312722980976105
-0.22323350608348846, 0.49836230278015137, -0.1940840184688568
-0.22803807258605957, 0.5004718899726868, -0.1969837099313736
-0.2324870526790619, 0.5007860660552979, -0.19717475771903992
-0.23824897408485413, 0.5074742436408997, -0.19739726185798645
-0.24254697561264038, 0.5083948969841003, -0.19888919591903687
-0.24489834904670715, 0.5086482167243958, -0.1991269737482071
-0.24566857516765594, 0.5117356777191162, -0.20061708986759186
-0.249305859208107, 0.511143684387207, -0.20144595205783844
-0.2520030736923218, 0.5089425444602966, -0.2039870023727417
-0.25611335039138794, 0.5104833245277405, -0.20334208011627197
-0.26185595989227295, 0.510802149772644, -0.20299746096134186
-0.2647663354873657, 0.5117089152336121, -0.20221294462680817
-0.268359899520874, 0.51363205909729, -0.2006872147321701
-0.2700262665748596, 0.5136678814888, -0.2021990716457367
-0.27231651544570923, 0.5127673149108887, -0.1909116953611374
-0.2754595875740051, 0.5126937031745911, -0.19233651459217072
-0.2778889536857605, 0.511570394039154, -0.19655641913414001
-0.2797877788543701, 0.5116853713989258, -0.19579286873340607
-0.28350549936294556, 0.5122814178466797, -0.1933133900165558
-0.2837141752243042, 0.5123388171195984, -0.19472290575504303
-0.2861144542694092, 0.5128346681594849, -0.1950734257698059
-0.28631359338760376, 0.5126662850379944, -0.19463872909545898
-0.2854011654853821, 0.5132575035095215, -0.19696342945098877
-0.2858681082725525, 0.5137487649917603, -0.19616690278053284
-0.285908579826355, 0.5179023146629333, -0.19499920308589935
-0.287025511264801, 0.518606424331665, -0.19338740408420563
-0.2880600094795227, 0.5205386281013489, -0.19184784591197968
-0.2917916178703308, 0.5189599394798279, -0.1883607655763626
-0.29019832611083984, 0.5266186594963074, -0.1851034015417099
-0.2891244888305664, 0.5264465808868408, -0.18512611091136932
-0.2890780568122864, 0.5253862738609314, -0.18334513902664185
-0.2837696671485901, 0.5280875563621521, -0.18403424322605133
-0.28219592571258545, 0.527930498123169, -0.18385040760040283
-0.27967292070388794, 0.5286160707473755, -0.17957764863967896
-0.2783774137496948, 0.5345597863197327, -0.17241548001766205
-0.278570294380188, 0.5364640951156616, -0.16519401967525482
-0.27527743577957153, 0.547722578048706, -0.16636031866073608
-0.2744770646095276, 0.5472104549407959, -0.1677073985338211
-0.2713620662689209, 0.5515106916427612, -0.16365477442741394
-0.27084213495254517, 0.5523558259010315, -0.16102121770381927
-0.27066487073898315, 0.5522711873054504, -0.1579662412405014
-0.26325106620788574, 0.5497515201568604, -0.15804608166217804
-0.2537103295326233, 0.5601069331169128, -0.15720854699611664
-0.25159358978271484, 0.5523378252983093, -0.1568937450647354
-0.23846939206123352, 0.5523872971534729, -0.16443659365177155
-0.23533976078033447, 0.5608549118041992, -0.15960805118083954
-0.23568598926067352, 0.555523693561554, -0.14524851739406586
-0.23074649274349213, 0.5601186752319336, -0.15408951044082642
-0.22807739675045013, 0.5673297047615051, -0.15283124148845673
-0.22834335267543793, 0.5733022093772888, -0.14694343507289886
-0.22764842212200165, 0.5712440013885498, -0.15240906178951263
-0.22537724673748016, 0.5747413039207458, -0.15693534910678864
-0.22545413672924042, 0.5752458572387695, -0.1576371043920517
-0.22425760328769684, 0.5758201479911804, -0.15946006774902344
-0.2240741103887558, 0.5751724243164062, -0.15920548141002655
-0.22442568838596344, 0.5799614787101746, -0.15926457941532135
-0.2190311700105667, 0.5798019766807556, -0.16162164509296417
-0.21835367381572723, 0.580960214138031, -0.16094328463077545
-0.2183976024389267, 0.5812383890151978, -0.1608823537826538
-0.21740183234214783, 0.585780918598175, -0.1643451303243637
-0.2175455540418625, 0.5865358114242554, -0.16451410949230194
-0.21792156994342804, 0.5868545174598694, -0.16509898006916046
-0.2186596840620041, 0.5848067402839661, -0.16499009728431702
-0.21788154542446136, 0.5859867334365845, -0.16385971009731293
-0.21712879836559296, 0.5800724029541016, -0.1647471934556961
-0.21697597205638885, 0.5785905718803406, -0.16460706293582916
-0.2156054526567459, 0.577431857585907, -0.16531474888324738
-0.2154196947813034, 0.5814031958580017, -0.16611148416996002
-0.21434222161769867, 0.5807561278343201, -0.17098186910152435
-0.21534715592861176, 0.5804759860038757, -0.16917739808559418
-0.2141311913728714, 0.5731830596923828, -0.1694256216287613
-0.21278788149356842, 0.571524977684021, -0.1701643317937851
-0.21243487298488617, 0.5703847408294678, -0.17016245424747467
-0.212028369307518, 0.5692062377929688, -0.1715746372938156
-0.20757274329662323, 0.5693539381027222, -0.17411468923091888
-0.20532043278217316, 0.5668554902076721, -0.1758260279893875
-0.2055893987417221, 0.5636609792709351, -0.17559613287448883
-0.20379610359668732, 0.5645392537117004, -0.17668001353740692
-0.20219478011131287, 0.5635648369789124, -0.17731399834156036
-0.20202769339084625, 0.5620523691177368, -0.17790494859218597
-0.20159292221069336, 0.5585339069366455, -0.17789088189601898
-0.2013436257839203, 0.5537281632423401, -0.17741303145885468
-0.20296435058116913, 0.5524865984916687, -0.1775294691324234
-0.20110701024532318, 0.551694929599762, -0.17982350289821625
-0.19528444111347198, 0.5511195659637451, -0.1841338723897934
-0.19523218274116516, 0.5480367541313171, -0.18351297080516815
-0.19200927019119263, 0.546145498752594, -0.1841149479150772
-0.1891508847475052, 0.5453438758850098, -0.18418066203594208
-0.18780440092086792, 0.5376006364822388, -0.18445554375648499
-0.18597804009914398, 0.5334495902061462, -0.18396957218647003
-0.18470369279384613, 0.5292832851409912, -0.18336500227451324
-0.1834598332643509, 0.525116503238678, -0.1828061193227768
-0.18202748894691467, 0.519848644733429, -0.1819348782300949
-0.18004243075847626, 0.5149522423744202, -0.18115882575511932
-0.17697297036647797, 0.5126110315322876, -0.18102402985095978
-0.17473065853118896, 0.5045999884605408, -0.1804412305355072
-0.17162564396858215, 0.49959051609039307, -0.17976273596286774
-0.1695588231086731, 0.49516555666923523, -0.17878185212612152
-0.16732768714427948, 0.4899303615093231, -0.17762981355190277
-0.16537053883075714, 0.4848225712776184, -0.17670057713985443
-0.16368356347084045, 0.480110764503479, -0.17557431757450104
-0.16132929921150208, 0.47390443086624146, -0.17339320480823517
-0.15860098600387573, 0.46858859062194824, -0.17142771184444427
-0.15506915748119354, 0.46360480785369873, -0.16953282058238983
-0.15176188945770264, 0.4585784673690796, -0.1674012988805771
-0.14849276840686798, 0.45473286509513855, -0.16424091160297394
-0.14587321877479553, 0.45023125410079956, -0.16307277977466583
-0.14269226789474487, 0.4455740749835968, -0.16161462664604187
-0.13914060592651367, 0.4409754276275635, -0.16024957597255707
-0.13562771677970886, 0.43649256229400635, -0.1591522991657257
-0.13240939378738403, 0.4324410557746887, -0.1582951694726944
-0.1284850686788559, 0.42833957076072693, -0.1575625091791153
-0.12496434152126312, 0.42306268215179443, -0.1566421538591385
-0.12093357741832733, 0.41849055886268616, -0.15586240589618683
-0.11743612587451935, 0.4137711226940155, -0.1556149274110794
-0.11447606980800629, 0.4089680016040802, -0.15562303364276886
-0.11083637177944183, 0.4044874906539917, -0.15503574907779694
-0.10756807029247284, 0.4001277983188629, -0.1546897143125534
-0.1028389036655426, 0.39527428150177, -0.15401092171669006
-0.09940670430660248, 0.39060473442077637, -0.153941810131073
-0.09636162966489792, 0.38695794343948364, -0.1540183424949646
-0.09259170293807983, 0.3819698393344879, -0.15363581478595734
-0.08895176649093628, 0.37744665145874023, -0.15464021265506744
-0.08547480404376984, 0.37261712551116943, -0.154770165681839
-0.08237186074256897, 0.3679804503917694, -0.15592993795871735
-0.07981835305690765, 0.36321550607681274, -0.15626513957977295
-0.07599914819002151, 0.35841983556747437, -0.1565636396408081
-0.07247196137905121, 0.35249897837638855, -0.15598322451114655
-0.06860177963972092, 0.347909152507782, -0.1567661315202713
-0.06508608162403107, 0.3433287441730499, -0.15742231905460358
-0.06165321171283722, 0.337456077337265, -0.15778334438800812
-0.05835152417421341, 0.3320399820804596, -0.15794651210308075
-0.054009996354579926, 0.327094703912735, -0.1577260047197342
-0.050177186727523804, 0.3212575912475586, -0.15729926526546478
-0.046428851783275604, 0.3158186674118042, -0.15793615579605103
-0.04271823912858963, 0.31038302183151245, -0.15907146036624908
-0.03827694058418274, 0.3047467768192291, -0.15991003811359406
-0.03350924700498581, 0.29940956830978394, -0.16191375255584717
-0.027594581246376038, 0.29445597529411316, -0.16138418018817902
-0.02058722823858261, 0.28911349177360535, -0.16077107191085815
-0.01594611257314682, 0.2828279137611389, -0.15996584296226501
-0.011247135698795319, 0.2771298885345459, -0.16047340631484985
-0.00434764102101326, 0.27292388677597046, -0.1599082201719284
0.0015567503869533539, 0.26793256402015686, -0.15911965072155
0.006911054253578186, 0.262798547744751, -0.1582210808992386
0.012212429195642471, 0.25662240386009216, -0.15688544511795044
0.01834813877940178, 0.25150614976882935, -0.15532636642456055
0.024887865409255028, 0.24669817090034485, -0.15383873879909515
0.02959316223859787, 0.2402535080909729, -0.15254531800746918
0.0350651852786541, 0.2343961000442505, -0.15107175707817078
0.04203811287879944, 0.22908054292201996, -0.14908848702907562
0.047568678855895996, 0.222958043217659, -0.14768065512180328
0.05323139578104019, 0.21716371178627014, -0.1462494432926178
0.05906207859516144, 0.21167396008968353, -0.1443944126367569
0.06411411613225937, 0.20494917035102844, -0.14311708509922028
0.07480224967002869, 0.1935613751411438, -0.14078401029109955
0.08141233772039413, 0.18792155385017395, -0.13950146734714508
0.08715169131755829, 0.18237794935703278, -0.13830062747001648
0.09335081279277802, 0.1774769276380539, -0.13720427453517914
0.1002088189125061, 0.17290052771568298, -0.13601930439472198
0.10355675220489502, 0.16484978795051575, -0.1345929503440857
0.10966924577951431, 0.1584126055240631, -0.13346312940120697
0.1067202091217041, 0.1486724466085434, -0.1362585872411728
0.11872857809066772, 0.14740633964538574, -0.13288801908493042
0.1277981847524643, 0.14309653639793396, -0.13130344450473785
0.13542965054512024, 0.13959529995918274, -0.12991248071193695
0.14151263236999512, 0.13376381993293762, -0.12843428552150726
0.14843550324440002, 0.12947073578834534, -0.12751995027065277
